ID,PHI,MHI,FI,LD,SCI,UE,TI,APM
1711182,1,0,1,1,0,1,0,5
2312321,0,0,1,1,1,1,0,4
1510645,1,1,0,0,1,0,1,1
2311271,1,0,1,0,1,1,1,5
2211591,1,1,0,0,1,0,0,3
2312045,0,0,1,0,0,0,1,4
2211247,1,1,0,0,1,1,1,4
1912829,0,0,1,1,0,1,1,5
2013054,0,1,0,1,1,0,0,1
1621138,0,0,1,1,1,1,1,1
1711471,1,0,0,0,0,0,0,2
1911511,1,1,1,0,1,0,1,3
2211362,0,0,1,1,0,1,1,4
1611593,0,0,1,0,1,0,0,1
2311790,1,0,0,1,0,0,1,5
2311024,0,1,0,0,1,1,1,4
2211409,1,0,0,1,0,0,1,3
2311457,0,0,0,0,1,0,0,4
2211480,1,1,1,1,1,1,1,5+
2211449,1,0,0,0,1,1,0,2
2311028,1,1,1,1,1,1,1,5+
1711321,0,1,0,0,1,0,1,2
1712066,0,1,0,1,1,0,0,5
2211220,0,0,1,0,0,1,0,3
2211508,0,1,0,0,1,0,1,5
2211172,1,0,1,0,1,0,1,3
2211181,0,1,0,1,0,1,0,4
1721222,1,0,1,0,1,0,1,5
2013273,0,1,0,1,0,1,0,3
2311911,1,0,1,0,1,0,1,2
2211290,0,1,0,1,0,1,0,4
2311800,1,0,1,0,1,0,1,3
1721145,0,1,0,1,0,1,0,5
2311049,0,1,0,1,0,1,0,3
2311827,1,0,1,0,1,0,1,4
2312276,0,1,0,1,0,1,0,5
1635016,1,0,1,0,1,0,1,3
2013334,0,1,0,1,0,1,0,4
2211207,1,0,1,0,1,0,1,3
2311855,0,1,0,1,0,1,0,1
2211460,0,1,0,0,1,0,0,2
1711211,1,1,0,1,0,0,0,3
2311465,1,0,1,1,0,1,1,4
1620610,0,1,0,1,0,1,0,1
2211458,1,0,1,0,1,0,1,5
2311414,0,1,0,1,0,1,0,5+
1330275,1,0,1,0,1,0,1,3
2211452,0,1,0,1,0,1,0,4
2312053,1,0,1,0,1,0,1,3
1310671,0,1,0,1,0,1,0,1
2132179,0,1,0,0,1,0,0,2
2211447,1,1,0,1,0,0,0,3
2311213,1,0,1,1,0,1,1,4
2312130,0,1,0,1,0,1,0,1
2312270,0,0,0,1,1,0,1,5
2311980,1,0,1,1,0,1,0,5
2312069,0,0,1,1,1,1,0,4
2211099,1,1,0,0,1,0,1,1
1712000,1,0,1,0,1,1,1,5
2311849,1,1,0,0,1,0,0,3
2312133,0,0,1,0,0,0,1,4
2311354,1,1,0,0,1,1,1,4
2311974,0,0,1,1,0,1,1,5
2312189,0,1,0,1,1,0,0,1
1612553,0,0,1,1,1,1,1,1
2211253,1,0,0,0,0,0,0,2
2312266,1,1,1,0,1,0,1,3
1611035,0,0,1,1,0,1,1,4
2312088,0,0,1,0,1,0,0,1
2211163,1,0,0,1,0,0,1,5
2311466,0,1,0,0,1,1,1,4
1612344,1,0,0,1,0,0,1,3
2211125,0,0,0,0,1,0,0,4
1631720,1,1,1,1,1,1,1,3
2013209,1,0,0,0,1,1,0,2
2211486,1,1,1,1,1,1,1,1
2211274,0,1,0,0,1,0,1,2
2311950,0,1,0,1,1,0,0,1
1811469,0,0,1,1,1,1,1,1
1821895,1,0,0,0,0,0,0,2
2311460,1,1,1,0,1,0,1,3
2211201,0,0,1,1,0,1,1,4
2311938,0,0,1,0,1,0,0,1
2211393,1,0,0,1,0,0,1,5
2211065,0,1,0,0,1,1,1,4
2311984,1,0,0,1,0,0,1,3
2312097,0,1,0,1,0,1,0,5
2311816,1,0,1,0,1,0,1,3
2211513,0,1,0,1,0,1,0,4
2311442,1,0,1,0,1,0,1,3
2311358,0,1,0,1,0,1,0,1
1611409,0,1,0,0,1,0,0,2
2012121,1,1,0,1,0,0,0,3
2311286,1,0,1,1,0,1,1,4
2311346,0,1,0,1,0,1,0,1
2211130,1,0,1,0,1,0,1,5
2312085,0,1,0,1,0,1,0,5+
2311422,1,0,1,0,1,0,1,3
2311345,1,1,0,0,1,0,0,3
2211093,0,0,1,0,0,0,1,4
1431225,1,1,0,0,1,1,1,4
2311370,0,0,1,1,0,1,1,5
2325571,0,1,0,1,1,0,0,1
2211502,0,0,1,1,1,1,1,1
2013946,1,0,0,0,0,0,0,2
2211317,1,1,1,0,1,0,1,3
2311857,0,0,1,1,0,1,1,4
1711406,0,0,1,0,1,0,0,1
2311927,1,0,0,1,0,0,1,5
1611063,0,1,0,0,1,1,1,4
2312277,1,0,0,1,0,0,1,3
1721542,0,0,0,0,1,0,0,4
1620740,0,1,0,1,0,0,1,1
2131615,0,1,0,0,1,0,0,4
2311048,0,0,0,1,0,1,0,5
2312264,0,1,1,1,1,0,0,5+
2312064,1,0,1,1,0,0,0,2
2011609,1,1,0,0,0,1,0,5
2013820,1,1,1,1,0,1,0,1
2232865,0,0,0,0,0,0,0,4
2311195,0,1,0,1,0,1,1,1
2012932,1,0,1,1,1,0,1,5
2312209,0,1,0,0,1,1,0,4
1611264,1,0,0,1,1,1,1,3
1430413,0,1,1,1,0,0,0,4
2311277,1,0,0,1,0,1,0,1
2311191,0,1,0,0,1,0,1,4
2211369,1,0,0,0,0,1,0,1
2211229,0,0,1,0,1,0,0,5
2211574,1,0,1,0,0,1,1,5+
1310070,0,0,0,0,1,1,1,3
2211063,1,0,1,1,0,0,0,3
2311865,1,1,0,1,1,0,1,4
1631893,0,1,1,0,0,1,1,4
2211444,1,1,1,1,1,0,1,5
2312294,0,1,1,1,1,1,1,1
1831780,0,0,0,0,0,0,0,1
1520077,1,1,0,1,0,1,0,2
2312138,0,1,1,0,1,1,1,3
2211273,0,1,0,1,0,0,0,4
2011851,0,0,1,0,0,1,1,1
2312220,1,0,0,1,1,1,0,5
2311034,0,0,1,0,0,1,1,4
2211340,0,0,0,1,0,0,0,3
1921217,1,0,1,0,0,1,1,4
2211560,1,0,0,1,0,0,0,1
2312250,0,0,1,0,1,0,1,4
2211167,1,1,1,1,0,0,1,1
2012897,0,1,1,0,0,0,1,3
2311477,1,0,0,0,1,0,0,4
2211182,1,1,1,0,1,0,1,3
2211489,0,0,0,0,0,0,0,2
1420098,0,0,1,1,1,1,0,5+
2312159,0,1,0,1,1,0,0,2
2311367,0,1,1,0,0,0,1,5
2312287,0,1,1,1,1,0,1,1
2312125,1,0,0,0,0,0,0,4
2312050,1,0,1,0,1,0,1,1
2211537,0,1,0,1,1,1,0,5
2132492,1,0,1,0,0,1,1,4
2211333,0,1,0,0,1,1,1,3
2325577,0,0,1,1,1,0,0,4
1320399,1,1,0,0,1,0,1,1
2022412,0,0,1,0,0,1,0,4
2311469,0,1,0,0,0,0,1,1
2311352,1,0,0,1,0,1,0,5
2311396,0,1,0,1,0,0,1,5+
1831099,0,0,0,0,0,1,1,3
1721053,0,1,0,1,1,0,0,3
2211091,1,1,1,0,1,1,0,4
2325552,1,0,1,1,0,0,1,4
1911703,0,1,1,1,1,1,0,5
2211429,1,0,1,1,1,1,1,1
2311458,0,0,0,0,0,0,0,1
2311877,1,0,1,0,1,1,0,2
2312303,1,1,0,0,0,0,1,1
1912290,1,0,0,1,0,1,0,3
1620783,0,1,0,1,0,0,1,1
2211402,0,1,0,1,0,1,0,1
1620783,0,1,0,0,1,0,0,2
2311963,1,1,0,1,0,0,0,3
2312285,1,0,1,1,0,1,1,4
1931324,0,1,0,1,0,1,0,1
2311446,1,0,1,0,1,0,1,5
2012220,0,0,0,1,0,1,0,2
1912733,1,0,1,0,0,0,1,3
2311891,1,1,0,0,1,0,0,3
2211267,0,0,1,0,0,0,1,4
2311044,1,0,0,0,1,1,1,4
2125019,0,0,1,1,0,1,1,5
1821033,0,1,0,1,1,0,0,1
2211365,0,0,1,0,1,1,1,1
2311400,1,0,0,0,0,0,1,3
2211283,1,1,1,0,0,0,1,1
2311419,0,0,1,1,0,1,1,4
2211272,0,0,1,0,1,0,0,1
1612771,1,0,0,1,0,0,1,5
2311922,0,0,1,0,0,0,1,4
1813036,1,1,0,0,1,1,1,4
2211155,0,0,1,1,0,1,1,5
2311909,0,1,0,1,1,0,0,1
2211187,0,0,1,1,1,1,1,1
2211587,1,0,0,0,0,0,0,2
2211161,1,1,1,0,1,0,1,3
2031346,0,0,1,1,0,1,1,4
2311040,0,0,1,0,1,0,0,1
1620432,1,0,0,1,0,0,1,5
2211245,0,1,0,0,1,1,1,4
2021374,1,0,0,1,0,0,1,3
2311463,0,0,0,0,1,0,0,4
1712728,1,1,1,1,1,1,1,3
2311797,1,0,0,0,1,1,0,2
2311817,1,1,1,1,1,1,1,1
1610998,0,1,0,0,1,0,1,2
1721109,0,1,0,1,1,0,0,5
1421179,1,0,0,1,0,0,1,5
2311179,0,1,0,0,1,1,1,4
2325547,1,0,0,1,0,0,1,3
1715211,0,0,0,0,1,0,0,4
2311120,1,1,1,1,1,1,1,3
1611266,1,0,0,0,1,1,0,2
2211243,1,1,1,1,1,1,1,1
2211499,1,0,1,0,1,1,1,4
2312300,0,1,0,0,1,0,0,3
1521887,0,0,1,1,1,0,1,3
2311942,0,1,0,0,1,0,1,2
2312116,0,0,1,0,0,1,0,3
2211443,1,0,0,0,0,1,0,4
1721146,1,0,0,1,0,0,0,3
1712046,1,1,1,1,1,1,1,3
2211382,1,0,0,0,1,1,0,2
2311944,1,1,1,1,1,1,1,1
2312056,1,0,1,0,1,1,1,4
2311203,0,1,0,0,1,0,0,3
2011947,0,0,1,1,1,0,1,3
2311828,0,1,0,0,1,0,1,2
2211199,0,0,1,0,0,1,0,2
2312067,1,0,0,0,0,1,0,4
2211424,1,0,0,1,0,0,0,3
1612521,1,1,1,1,1,1,1,3
1521698,1,0,0,0,1,1,0,2
2312258,1,1,1,1,1,1,1,1
2312019,1,1,0,1,0,1,1,4
2312107,0,1,0,0,1,0,0,2
2211230,0,0,1,1,1,0,1,3
2211421,0,1,0,0,1,0,1,2
2211543,0,1,1,0,0,1,0,4
2211256,1,0,0,0,0,1,0,4
2312306,1,0,0,1,0,0,0,3
2312141,0,1,1,0,0,0,1,1
2311994,0,1,1,1,0,1,1,1
2312292,1,0,0,0,0,0,0,2
2311461,1,1,1,0,1,1,1,3
1610221,1,1,1,0,1,0,1,1
2312152,0,1,1,1,0,0,0,2
2211140,1,1,1,1,1,1,1,3
1712556,1,0,0,0,1,0,0,1
2013347,1,0,0,1,1,1,0,4
2311335,1,0,0,1,1,0,0,3
2211583,0,1,1,0,0,0,1,2
2211400,0,1,1,1,0,1,0,4
2211241,0,0,0,1,1,1,1,3
2211234,1,1,1,0,0,0,0,1
2312143,1,1,1,1,0,1,0,2
2011948,0,1,0,0,1,0,0,3
1821327,0,0,1,1,1,0,1,3
2311381,0,1,0,0,1,0,1,2
2211492,0,0,1,0,0,1,0,3
1530611,1,0,0,0,0,1,0,4
2311209,1,0,0,1,0,0,0,3
2311986,1,1,1,1,1,1,1,3
2211341,0,1,1,0,0,0,1,2
1310671,0,1,1,1,0,1,0,4
1621454,1,1,0,0,1,1,1,2
2325549,1,1,0,1,1,0,1,1
2211285,0,0,1,1,1,0,0,3
2312313,0,1,1,1,1,0,1,1
2211309,0,1,1,0,1,1,0,1
1610434,0,1,1,1,1,1,1,2
1610304,1,1,1,0,0,0,0,2
1010848,1,1,0,1,1,0,0,3
2211095,1,0,0,0,1,0,0,5
1430463,1,1,1,0,1,0,1,1
2211398,0,0,1,1,0,0,0,4
2022274,1,0,0,0,1,0,0,2
2012733,0,1,1,1,0,0,1,3
1612344,0,1,0,0,0,1,1,3
2211416,0,0,1,0,0,1,0,2
1632006,0,0,0,0,1,0,1,1
2311188,1,1,0,0,0,0,1,1
2311870,0,0,0,1,0,1,0,4
1430413,0,1,0,0,0,0,0,2
2211208,1,0,1,1,1,1,0,2
2211565,1,0,1,0,0,1,0,3
2211579,1,0,0,0,1,0,0,3
2233151,0,0,0,1,0,0,0,1
2211431,0,1,0,0,1,0,1,4
1931595,1,0,0,1,1,0,1,2
2211316,0,1,1,1,1,1,0,5
2211212,0,1,1,1,1,0,1,2
2211337,1,1,0,1,1,0,1,2
2312166,1,1,0,1,0,1,0,4
2211450,0,0,1,1,1,1,1,5
2325550,0,1,0,1,0,1,1,2
2211442,0,0,0,0,1,1,0,2
2111916,1,1,0,0,1,1,1,4
2311985,1,0,0,0,1,1,0,2
1611223,1,0,1,1,1,0,0,1
2312195,1,1,0,1,0,0,1,5
2311411,0,0,1,0,0,0,0,3
2211378,1,0,0,1,0,0,0,1
1711465,0,0,1,0,1,1,1,5
2312284,1,0,1,1,0,0,0,2
2132800,1,1,1,1,1,1,1,3
2312156,1,1,0,1,1,1,1,1
1521528,0,1,0,0,1,1,1,4
2211288,0,0,0,0,0,0,0,3
2013127,1,0,1,0,0,1,1,1
2312328,0,0,1,1,1,1,0,1
2312118,0,1,1,1,1,1,0,4
2311281,0,1,0,0,1,1,1,3
2311322,1,1,0,1,1,0,1,2
2311787,1,1,1,1,0,1,0,5
2312014,1,0,0,1,0,0,0,3
2211521,0,0,0,1,1,0,0,2
2312015,0,1,1,1,1,1,1,5
2025267,1,1,1,0,1,0,1,3
2211570,0,1,1,0,0,0,0,3
1931285,1,1,0,0,0,0,1,5
1511508,0,0,1,0,0,1,1,3
2211417,1,0,0,0,0,1,0,2
2311859,1,1,1,1,0,0,0,5
2211475,1,1,1,1,0,1,1,3
1921454,1,0,1,1,0,0,1,4
2312163,1,1,0,0,1,1,1,4
2211226,0,0,0,1,0,1,1,5
2312261,1,0,0,1,1,1,1,2
2311297,1,0,0,0,0,0,0,5
1612658,1,1,1,0,0,1,0,4
1521419,0,1,0,0,1,1,0,4
2311881,0,1,0,0,0,1,1,4
2211215,1,0,1,0,0,1,0,1
1711746,1,1,0,0,0,1,0,2
1831748,1,0,1,0,0,1,1,1
2311190,0,1,1,0,1,1,0,2
2311369,1,0,1,0,1,0,1,3
1922175,0,0,1,1,1,1,1,5
2211131,0,0,0,0,1,0,1,5
2312211,0,1,0,0,0,0,0,4
2311207,1,0,1,1,0,1,1,5
2311908,0,1,1,0,0,1,0,4
1711447,0,0,1,0,0,1,1,2
2311892,0,1,1,0,0,0,1,3
1520381,0,1,0,0,1,1,1,4
1530966,1,0,0,1,0,0,0,3
2311913,0,1,0,1,1,1,0,4
2312037,0,1,1,0,1,0,0,1
1912567,1,0,0,0,1,1,1,3
2011005,1,0,1,0,1,1,1,4
2311026,1,1,0,1,0,0,0,5
1330358,0,1,1,0,0,0,0,3
2311306,0,1,0,0,1,0,1,2
2011308,1,1,1,1,1,1,0,3
2312101,0,0,0,0,1,1,1,3
1610050,1,1,0,0,0,0,1,4
2312126,1,1,0,1,0,0,1,4
1611415,0,0,0,1,0,0,0,3
2312040,0,1,0,0,1,0,1,3
2211276,0,0,0,1,0,0,0,4
2031565,0,0,1,0,1,0,1,1
2312215,1,1,1,1,1,1,1,1
2311373,1,0,1,0,0,1,1,1
2312129,0,0,0,1,0,1,0,4
2312154,1,1,0,0,1,0,0,4
1612798,0,0,0,1,0,0,0,4
1712892,1,1,1,1,0,1,0,2
2211352,0,0,0,0,1,0,0,2
2021510,0,0,0,0,0,0,0,3
1520306,0,0,0,0,0,1,0,1
1632354,1,1,1,1,0,0,1,1
2311837,1,0,0,0,0,0,0,1
2311035,0,0,0,1,1,0,1,1
1611492,1,1,1,0,0,1,0,5
2311290,1,0,0,1,1,1,1,1
1511208,0,0,1,0,1,0,1,5
1721256,0,0,1,1,1,0,1,4
2311325,0,0,1,0,0,0,1,2
2013996,0,1,0,0,0,1,1,5
2311295,1,0,1,0,0,1,1,5
1510385,1,0,1,0,0,1,0,2
2211527,1,1,0,1,1,1,1,1
2311430,0,0,1,0,0,1,1,3
2311875,0,1,0,0,0,1,0,1
2211124,1,0,1,0,0,1,1,1
2311103,0,0,0,0,1,0,0,1
2311331,1,1,1,1,0,0,1,3
2312218,1,1,1,1,1,1,1,5
2211578,1,1,1,0,1,1,1,2
1611297,1,1,0,1,1,1,0,3
2012075,0,1,1,1,1,0,0,5
2311274,0,0,0,0,0,0,1,3
2312081,0,1,1,1,1,1,0,2
2211555,0,0,1,0,0,1,0,5
2211490,1,1,1,0,0,1,1,4
2211376,1,1,1,0,1,1,0,4
2211392,1,1,0,0,0,1,1,4
1631410,0,1,0,1,0,0,1,2
2231951,1,1,1,0,1,0,1,3
2311998,1,0,0,1,0,1,0,3
1711194,0,0,0,1,0,1,1,3
2312319,1,0,1,0,1,0,0,2
1921385,0,1,0,0,1,1,0,1
1620573,0,1,0,0,0,1,0,5
2312239,1,0,1,0,0,0,1,1
2232119,0,0,0,1,1,1,0,3
2211289,0,1,1,0,1,0,0,3
1610421,1,0,0,0,1,0,1,2
2312132,0,1,1,0,1,0,1,5
2211236,0,1,0,0,0,0,0,1
2211074,1,1,1,1,0,0,0,5
1411011,0,0,0,1,1,1,1,1
1510658,1,0,1,1,0,0,0,1
2011022,1,1,1,1,0,1,0,5
2211453,1,0,0,0,0,1,1,3
1612797,1,0,1,0,1,0,0,1
2211232,1,0,0,0,0,0,1,5
2211524,0,1,1,0,0,1,1,3
2311177,0,0,0,0,1,1,1,5
2012478,1,0,1,0,1,0,0,2
2312061,0,1,1,0,0,0,1,5
2211359,0,0,1,1,1,0,1,2
1711465,0,0,1,1,0,0,0,1
2211268,1,0,1,1,0,0,0,5
1620084,1,1,1,1,1,0,1,4
2312254,0,1,0,1,1,1,0,2
1610304,0,0,0,1,1,1,0,4
2022390,0,0,0,0,0,1,0,4
2031346,1,1,0,0,1,0,0,1
2013044,0,0,0,0,0,1,0,3
1611063,0,0,1,0,1,1,1,2
2211542,0,0,0,0,0,1,1,3
2211552,0,1,0,1,0,0,0,1
2022211,1,1,1,0,0,1,0,3
2232061,1,0,0,0,0,1,0,4
2312041,1,1,1,1,0,1,1,3
1612682,0,0,1,1,1,1,0,2
2211360,1,0,0,1,0,0,1,4
2312204,1,1,0,0,1,0,0,5
2311983,0,0,0,0,1,0,0,5
2325584,0,0,1,0,0,0,1,4
2312219,1,1,1,1,1,0,0,2
2012673,1,1,1,0,0,0,1,2
1510910,1,1,1,1,0,1,1,3
2311340,1,0,1,1,1,0,1,2
2311218,0,0,0,0,1,1,0,5
2311338,1,0,1,0,0,0,0,2
2312293,0,0,1,0,0,1,0,1
2012999,0,0,1,0,1,0,0,3
2131558,0,0,0,0,1,1,1,2
1712684,0,0,0,1,0,1,0,3
2312263,0,0,0,1,0,1,0,3
2211278,1,0,0,1,1,0,0,4
1521026,0,0,0,1,0,0,1,1
2311445,0,1,0,0,0,0,0,3
2211115,0,1,1,0,1,0,0,2
1921785,1,0,1,1,0,1,1,2
2211361,0,0,0,0,1,1,0,2
2211081,0,1,0,1,0,1,0,2
1621138,0,1,1,0,1,1,1,5
2211152,0,1,1,1,0,1,0,3
1913015,0,1,0,1,1,0,0,4
2311273,0,0,1,1,0,1,0,2
2312114,0,0,0,1,1,1,1,4
2021771,0,1,0,0,0,1,1,3
2312208,1,0,0,0,0,0,1,1
2325551,1,0,0,1,0,0,0,3
2311907,1,1,0,0,1,1,1,4
1931675,0,0,1,1,1,0,1,2
2312233,0,1,0,0,1,0,0,2
2311919,1,1,0,1,0,0,0,3
2211347,0,1,0,1,0,1,1,1
1831422,0,1,0,0,1,1,1,4
2021752,1,0,0,0,1,1,1,3
2312095,1,1,1,1,1,0,1,1
1711417,1,0,0,0,1,0,0,3
2311934,1,1,1,0,1,0,0,4
2211391,1,0,0,1,1,0,1,5+
2311905,1,0,0,0,1,1,0,3
1620705,0,0,1,0,1,0,1,1
1632023,0,1,0,0,0,0,0,5
1911410,1,1,1,1,1,0,0,3
2312329,1,1,1,0,0,1,1,3
2312311,1,1,0,1,1,1,0,1
2311454,1,1,1,0,0,1,0,1
1631661,1,1,0,0,1,1,0,4
2312257,1,1,0,0,1,0,0,3
2312120,1,0,0,1,0,1,1,4
2211479,1,0,0,1,1,0,1,5
2012489,1,0,1,1,1,0,0,5+
2211539,0,0,1,1,1,0,1,5+
2311947,1,1,0,1,0,1,1,3
2211464,0,0,1,1,1,0,0,5
2311287,1,1,1,0,0,1,0,4
2325556,0,1,0,1,0,1,0,1
2211148,0,0,0,1,0,0,1,2
2311856,0,1,0,0,1,0,1,4
2311316,0,0,1,1,0,1,1,1
1611687,1,1,0,1,1,0,1,4
1611459,1,1,0,1,1,0,0,4
2311107,1,0,1,1,1,1,1,3
2211501,0,1,0,0,0,0,0,3
2211530,1,1,0,0,1,1,0,2
1821033,1,0,0,1,0,0,1,3
2311894,0,1,0,1,1,0,1,4
2211494,1,1,1,1,0,0,1,3
1831334,0,1,0,1,0,0,0,3
1712896,0,1,1,0,1,1,0,4
1911065,0,1,0,0,1,1,0,5+
2311923,1,1,1,1,1,0,1,4
2211071,1,0,0,1,1,0,0,5+
2211142,0,0,1,0,1,0,0,1
2312028,1,0,1,1,1,0,1,4
2012036,1,0,1,0,1,1,1,5
2311122,1,0,0,0,0,1,0,1
1632113,0,0,1,1,1,1,0,3
2211550,1,0,0,0,0,0,1,5
1721118,0,1,1,0,0,1,1,5
2121645,1,0,0,1,1,0,0,3
1911432,0,0,0,0,1,1,1,4
1420197,1,1,1,0,0,0,1,3
1610711,0,1,1,0,1,0,0,5
2211368,0,1,0,1,1,1,1,2
1520882,0,1,0,0,1,1,1,4
1721092,1,0,1,0,1,0,1,1
2325587,0,0,1,1,0,0,0,3
2312136,1,0,1,1,0,0,0,2
2311420,0,1,1,0,1,0,0,2
2211329,1,1,1,1,1,0,0,1
2311363,1,1,1,0,0,1,1,1
1612771,0,1,0,0,0,1,1,3
2311861,0,0,0,1,0,1,1,4
2311470,1,1,1,0,1,1,0,3
2311808,1,1,0,0,1,0,0,5
1913101,1,0,0,1,0,1,1,5
2211526,0,0,0,0,1,1,1,5
2022256,0,0,1,1,1,1,1,3
2311114,1,1,0,1,1,1,1,5
2022000,1,0,1,1,0,1,1,4
1831153,1,1,0,1,1,0,1,1
2311989,1,0,1,1,0,1,1,1
1511724,1,1,0,1,1,1,0,2
2311268,0,0,1,1,0,0,1,4
2312299,0,1,1,1,1,0,0,4
1631893,0,0,1,0,1,1,1,3
2311456,0,1,1,0,0,0,1,4
2013209,1,1,1,0,0,0,1,1
1632761,0,0,0,0,1,1,1,2
2211419,1,1,0,0,1,1,0,5
2211778,1,1,1,1,1,1,0,1
1620742,1,0,1,1,1,0,0,1
1812459,1,1,1,1,0,1,1,3
2211351,0,1,1,0,1,1,0,2
1931914,0,0,1,0,0,1,1,4
1712808,0,1,0,0,0,1,1,3
1420197,0,0,0,1,1,0,0,5
2312267,0,0,1,1,1,1,0,5
2311876,0,0,0,1,0,1,1,3
2312077,0,1,0,0,1,0,1,3
2312178,0,0,1,0,0,0,0,5
1911706,1,0,0,0,0,1,0,4
2311212,0,0,0,0,1,1,0,5
1610434,0,0,1,1,0,1,1,1
2311104,1,0,0,1,0,0,0,2
2311838,0,0,0,1,1,1,0,5
2311118,1,1,0,0,1,0,0,5
1521492,1,1,1,1,1,0,0,1
2311189,1,1,0,1,1,0,0,2
2311204,1,0,1,1,0,0,0,3
1931919,1,1,1,0,1,0,0,4
2311831,0,0,1,0,0,0,0,4
1612711,1,1,1,1,0,0,0,5
1631844,1,0,1,0,1,1,0,1
2031077,0,1,1,1,0,0,0,4
2312288,1,0,1,1,0,0,1,1
1931845,1,1,1,1,0,0,0,4
2311805,0,0,1,1,1,1,0,1
1620740,1,1,0,1,1,0,0,3
2211231,0,1,1,1,0,1,1,3
2211404,0,0,1,0,0,1,1,3
2311317,1,0,1,0,0,0,0,3
1610902,0,0,1,1,1,1,0,4
2211434,1,0,1,0,1,1,1,5
1712531,0,1,0,0,1,0,1,2
2311296,1,1,0,1,0,0,0,2
2011719,1,1,0,1,0,1,0,1
2311952,1,1,1,1,0,0,0,3
2312271,0,0,1,1,0,0,0,5
2312226,0,0,0,1,0,0,1,1
2211275,0,0,0,1,1,0,1,3
1711328,1,0,0,1,1,0,1,3
2312003,1,0,0,0,0,1,1,4
2211343,1,1,1,0,0,1,1,4
2211483,0,1,0,0,0,0,0,3
2211394,1,0,1,0,0,0,1,2
1521929,0,1,0,0,0,1,0,5
1813422,1,0,1,0,0,0,1,1
2211525,1,0,0,1,1,1,0,1
2311387,0,1,1,0,0,1,0,1
1721248,0,1,0,1,0,0,0,5
1611889,0,0,0,0,0,0,0,4
1911739,0,1,0,0,0,0,0,2
2211070,1,0,1,0,0,0,0,2
2311285,1,0,1,0,0,0,0,1
2022206,0,1,0,0,0,1,0,3
2311200,0,0,1,1,0,1,1,1
1620704,1,1,0,1,0,1,0,2
2211561,1,1,0,0,1,0,0,1
2211118,0,1,1,1,1,0,1,4
1410795,1,1,0,0,1,0,0,1
2012662,0,1,0,1,1,0,0,1
1620235,0,1,0,0,1,0,1,3
2312207,1,1,0,1,0,1,0,1
1711485,0,0,1,0,0,0,1,1
2311380,1,0,0,1,0,0,0,5
2312283,1,1,1,0,1,1,1,1
2312017,0,1,1,1,1,0,0,4
2211213,0,1,0,1,1,1,0,4
2325553,0,1,0,1,0,1,0,3
2311385,1,0,1,1,0,1,1,3
2311320,0,1,1,1,1,1,1,5
2311303,0,1,1,1,1,0,0,2
2211062,0,1,0,0,1,0,1,3
1620897,1,0,1,0,1,0,0,2
2311217,0,0,1,1,1,1,1,5
2311970,0,1,1,1,1,1,1,5
1612521,0,1,1,0,0,1,1,4
2312308,0,0,1,1,0,1,1,4
2211410,0,1,0,0,1,1,0,3
1510748,1,1,1,0,1,0,0,3
1931652,1,1,0,0,1,0,0,4
2311380,1,1,0,0,0,0,0,1
1620454,0,0,1,0,0,0,0,2
1931415,1,0,0,1,0,0,0,4
1931229,1,1,0,0,0,0,0,1
2211060,0,0,1,1,0,1,0,1
2312139,0,0,0,0,0,1,0,4
2211559,1,0,1,0,0,1,0,4
2211129,1,1,1,1,1,0,0,2
2311997,1,1,0,1,1,1,1,5
2311900,0,1,0,0,1,1,1,5
1632614,1,1,0,0,1,0,0,3
1620018,1,0,1,0,0,0,1,5
1721211,0,0,1,1,0,1,1,5
2325554,0,0,0,0,1,1,1,2
1411368,1,1,1,0,1,1,1,5
2211581,0,1,1,1,1,1,1,5
2311991,1,0,1,1,0,0,0,3
2211504,0,0,1,1,0,0,0,2
2312012,0,0,1,0,0,1,1,1
1620454,1,1,0,0,1,1,1,3
1921708,1,0,0,1,0,0,0,2
2312248,1,1,1,0,0,1,0,2
1921174,0,0,1,0,0,1,0,5
2311278,0,0,0,1,0,1,0,5
2325576,1,1,0,0,0,0,1,4
2312286,1,0,0,1,1,0,0,3
1612789,1,1,0,1,1,1,0,1
1713130,0,1,1,0,1,0,0,2
2311282,1,0,1,1,0,0,1,5
2311874,0,0,1,1,1,0,1,1
1712862,1,0,1,1,0,1,0,5
2311351,1,0,1,1,1,0,1,2
1612797,0,1,0,1,1,1,1,3
1620954,1,0,1,0,1,0,0,2
2311184,1,0,1,0,0,0,1,3
2211082,1,1,1,0,0,1,1,1
2311364,0,1,0,0,1,0,1,2
2211322,0,0,1,1,0,0,1,2
1811050,0,1,0,0,0,0,1,1
2311915,1,1,0,0,1,0,1,2
2211593,1,0,0,1,0,0,1,5
1620704,0,1,1,1,0,0,1,5
2211239,0,1,1,1,1,0,1,2
2311383,0,1,0,0,1,1,0,5
1611889,1,0,1,0,1,0,1,1
2312021,0,1,0,0,1,1,1,5
2311284,1,1,1,1,0,1,1,1
2211586,1,0,1,0,1,0,0,2
2311789,1,0,0,0,0,1,1,2
2211066,0,0,0,1,0,1,1,5
1911202,0,1,0,1,0,0,0,3
2211572,0,0,1,0,0,1,0,1
2211193,0,1,1,0,0,0,0,3
2311804,0,1,0,0,1,1,0,1
1632644,1,1,1,1,1,1,0,1
2211198,1,1,0,0,1,1,0,1
2312113,0,0,0,0,0,1,0,3
2311903,1,0,1,1,0,0,1,3
1530712,1,1,1,1,0,0,0,3
2311339,1,0,0,0,0,0,0,5
2312131,0,0,0,0,1,1,0,5
2312205,0,1,0,0,1,0,0,5
1612316,1,1,1,1,1,1,0,3
2231874,1,1,1,1,1,0,0,4
2312009,0,0,0,0,0,0,0,3
2211364,0,1,0,0,0,0,0,4
2122152,0,1,0,0,1,0,1,3
2211255,1,1,0,0,0,1,1,5
2211157,0,1,0,1,0,0,1,3
1711927,0,0,0,1,1,0,0,3
1912085,0,1,0,0,0,0,0,3
2011694,1,0,1,0,1,1,1,3
2131230,0,1,1,0,1,1,0,3
2211055,0,1,1,0,1,1,0,4
2325564,0,1,1,0,1,1,0,2
2311021,1,1,0,0,1,0,1,3
1410910,0,1,0,0,1,1,1,2
1621087,0,0,0,1,0,1,0,4
1631556,0,0,1,0,0,0,0,3
1620639,1,1,1,0,1,0,0,4
2014305,1,1,0,0,1,0,1,2
2211319,0,0,1,0,1,0,0,3
2312273,0,0,0,0,1,1,1,3
2122194,1,0,0,1,1,1,0,5+
2311350,1,1,0,1,1,0,1,5+
2211467,1,1,0,1,0,1,0,5
2311405,0,1,0,0,1,0,0,3
1620742,1,1,0,1,1,1,1,5
2311341,0,0,1,1,0,0,0,4
2311823,1,0,1,0,0,0,0,4
2212937,1,0,1,0,0,1,1,5
2211103,0,1,1,0,0,1,0,5+
2311294,0,0,1,1,1,1,0,2
1921206,1,0,1,1,1,1,1,5+
2311929,1,1,0,0,1,0,1,5+
1612658,0,0,1,1,1,1,0,5+
2311962,1,1,1,1,1,1,1,5+
1612771,0,1,1,1,1,0,1,5+
1912852,0,0,0,1,0,1,0,5+
1711182,1,0,1,0,1,0,0,5+
1711252,1,0,0,1,1,0,1,5+
1631797,1,0,0,1,1,1,1,5+
2311447,0,1,1,1,0,0,0,5+
1430452,1,0,0,1,0,0,0,5+
2311415,1,0,1,1,0,0,0,5+
2211217,0,1,1,0,0,1,0,5+
2311108,1,1,0,0,0,1,0,5+
1610998,0,1,0,1,1,0,0,5+
1721045,1,0,0,0,1,0,0,5+
2311359,0,1,0,1,1,0,1,5+
2311926,1,0,1,0,1,0,0,5+
2211266,0,1,0,1,0,0,0,5+
2312151,0,0,0,1,1,0,0,5+
2211346,1,1,1,1,1,1,1,5+
2211123,0,0,0,1,1,0,1,5+
2311406,1,0,0,0,1,0,0,4
2311807,0,0,1,0,1,0,1,5+
1620504,1,1,1,0,0,0,1,5+
2211439,0,0,1,1,1,0,1,5+
2311201,0,0,0,1,0,0,1,5+
2211349,0,0,0,0,1,1,1,5+
2211487,0,0,1,0,1,1,0,5+
2311391,0,0,1,1,0,0,0,5+
1711923,0,1,0,0,0,1,0,5+
2311853,1,1,0,0,1,0,1,5+
1621759,1,1,0,0,0,1,0,5+
1721332,1,0,0,1,0,0,1,5+
2132687,0,0,1,1,0,1,0,5+
2311879,1,1,0,1,0,0,1,5+
2311407,1,0,0,1,0,0,0,5+
2312094,1,1,0,0,1,0,1,5+
2311450,1,1,1,0,0,0,0,5+
1711406,0,0,1,0,1,0,0,5+
2122323,0,0,1,0,0,0,0,4
2311896,0,0,0,1,1,1,0,5
2211426,0,0,0,0,1,0,0,4
2211116,0,0,0,0,1,1,1,4
2312253,0,1,1,0,0,1,0,5
2211196,0,1,1,1,0,0,1,5+
2311401,1,1,1,1,1,0,0,5+
2031077,1,0,0,1,1,1,0,5
1510610,0,0,0,0,1,0,0,4
1612771,0,1,1,0,0,1,1,5+
1620200,0,1,0,0,0,0,1,5
2311969,0,1,0,0,1,0,0,5+
2312256,1,1,1,0,0,1,1,5+
2311029,1,1,0,0,0,0,0,4
1620084,0,1,1,0,0,0,0,2
2211577,0,0,0,1,1,1,0,1
2311432,0,0,0,1,0,1,0,1
2312002,1,0,0,1,0,0,1,4
1310480,1,0,1,0,1,1,0,5
1711372,0,0,1,1,1,0,1,2
1911563,0,1,1,1,1,1,1,3
2211386,1,1,1,0,0,0,1,2
1531481,1,1,0,0,0,1,1,2
2311897,0,1,0,0,0,0,0,2
2311478,0,0,0,1,0,0,1,4
2311948,0,1,1,1,0,0,0,4
2211313,1,0,0,0,1,1,0,2
2211468,1,1,1,1,1,1,0,4
2312175,1,0,1,0,0,1,0,5
2312323,1,0,1,0,1,1,0,5
2312108,0,1,0,0,0,1,0,1
1632761,0,0,0,0,0,0,0,1
2311288,1,0,1,0,0,0,0,5
2311410,0,0,1,1,0,0,1,4
2311864,1,1,1,0,0,1,1,5
2311032,0,1,0,0,1,0,0,1
2211211,0,0,0,0,0,0,1,1
1430407,0,1,1,0,1,0,0,1
2312223,0,1,0,1,1,0,1,4
2111439,1,1,1,0,1,1,1,3
1631888,1,1,0,1,1,1,0,4
2211324,1,0,0,0,1,1,1,3
2211389,0,1,1,0,0,0,0,1
1612789,1,1,0,0,1,1,1,3
2211216,0,1,0,1,0,1,0,1
1921909,0,0,0,1,1,0,1,3
1721251,0,0,0,1,1,0,1,1
1621010,1,0,1,0,0,1,0,1
2312169,1,1,0,0,0,0,0,5
2211371,1,0,0,1,0,1,1,5
1430452,1,0,1,0,0,0,1,1
2312160,1,1,0,0,0,0,0,5
2211227,0,1,1,1,0,0,1,3
2311883,1,0,1,0,0,0,0,4
1912186,1,1,0,0,0,0,1,1
2211090,1,0,1,0,0,1,1,5
2211254,0,1,1,1,0,0,1,2
2311181,0,0,1,1,1,0,1,2
2312161,0,1,1,0,0,1,0,5
2312008,1,0,0,1,1,1,1,3
1711193,0,1,1,1,0,1,1,2
2312055,0,1,0,0,1,0,0,4
1612553,1,1,1,1,0,1,1,5
1721474,0,1,0,0,1,1,1,1
2211413,0,0,1,0,1,1,0,5
2211134,1,1,1,0,1,1,1,1
2312246,0,1,0,0,1,0,1,4
1330527,1,1,1,1,1,1,0,5
1611492,1,1,0,1,1,0,0,3
2312325,1,1,1,1,0,0,1,1
2311362,1,0,1,1,1,0,0,2
2211087,0,0,1,0,1,1,0,3
2311429,1,0,0,0,0,1,1,3
2311360,0,0,0,0,0,0,0,3
2311785,0,0,0,0,0,0,1,4
2311925,0,0,0,1,1,1,0,3
2312111,0,0,0,0,1,0,1,5
2312091,0,0,0,0,1,0,0,3
1431225,0,0,0,1,0,1,1,2
2312164,1,1,0,1,1,0,0,3
1712496,1,0,1,0,1,0,1,3
1610959,0,0,1,1,0,1,1,3
2311965,0,0,1,0,1,0,1,2
2211286,1,1,1,0,1,0,0,5
2211569,0,1,0,0,0,1,1,2
2022015,0,0,0,0,0,1,0,3
2311895,0,0,1,0,1,1,1,1
1531535,0,0,1,0,1,0,1,1
1510610,0,1,0,1,0,0,1,1
2311851,0,1,0,0,0,0,1,2
2311205,1,0,1,0,1,0,1,1
1621454,0,0,0,0,1,1,0,4
2311846,1,1,0,0,0,1,0,2
1430041,1,1,0,0,1,1,0,1
1610421,1,0,0,1,1,0,1,3
2211357,1,0,0,0,0,0,1,3
2312177,1,0,0,0,0,0,1,2
1632351,1,1,1,1,0,1,0,2
1712508,0,0,0,1,0,1,1,2
1911229,0,1,0,0,0,0,0,3
2312025,1,0,0,1,0,0,0,1
1711271,0,1,0,1,0,0,1,4
2211221,1,1,1,0,0,1,0,5
1621825,1,1,0,0,1,0,1,3
2211592,1,1,0,1,1,1,1,2
2312090,1,1,1,1,0,0,1,1
1420968,1,1,0,1,1,0,0,5
2311348,1,1,1,0,1,1,1,4
2311355,1,0,1,0,1,0,1,4
2311475,0,1,0,1,1,1,0,2
1711209,1,0,1,0,0,1,0,4
1510782,0,1,1,0,0,1,0,2
2311893,0,0,0,1,1,0,0,5
2312242,1,1,0,1,1,1,0,4
1713144,1,1,0,1,1,0,0,1
2012335,1,1,0,0,0,1,1,3
2311802,1,0,1,0,1,1,1,2
1631459,1,0,0,1,0,1,1,4
1521848,1,1,0,1,0,0,1,4
2211294,1,0,1,1,1,0,0,4
1610664,0,0,0,1,0,1,1,2
2311379,1,1,0,1,0,1,1,3
2311393,1,1,0,0,1,1,1,3
1632113,0,0,0,1,0,1,0,4
2211528,1,0,0,1,0,0,1,4
1612682,1,1,1,0,0,0,0,3
2211345,0,1,0,0,1,0,0,4
1712503,1,0,1,0,0,1,0,4
2312062,0,1,1,0,1,0,1,5
2021545,0,1,0,1,1,0,0,5
2311452,1,0,0,0,0,1,1,5+
2211465,1,1,1,1,1,1,0,4
1510624,0,0,1,0,0,1,0,3
1610829,1,0,1,0,1,0,1,4
2211390,1,1,0,0,0,1,1,2
2011204,0,1,1,1,1,1,0,5+
1610102,0,0,1,1,0,1,1,3
2022390,0,0,0,0,1,1,1,5+
1612658,1,0,0,1,1,1,0,3
2211531,1,0,0,0,1,1,0,4
2211067,0,1,1,1,0,0,1,5
2312087,1,0,1,0,1,0,0,3
1530256,1,0,1,1,0,1,0,5+
2311299,0,0,1,1,1,0,0,5+
1711271,0,0,0,1,1,0,1,5
2311022,0,1,0,0,0,1,1,3
2312176,0,0,0,0,0,1,1,4
2312058,1,0,0,0,0,0,0,3
2312109,1,1,1,0,0,1,0,5+
2031617,0,1,1,0,0,1,0,5
2311860,0,1,1,0,1,0,1,5
2311386,1,0,0,0,1,0,0,5
2311999,1,0,0,0,0,0,1,5+
2011519,0,0,0,1,1,0,0,3
2311473,0,1,1,0,1,1,0,4
1632487,1,1,1,0,0,0,1,4
2211153,1,1,0,1,1,1,1,3
2312099,0,0,1,1,0,0,0,5+
2211121,1,0,1,0,0,1,0,2
1632082,0,1,1,0,0,1,0,5+
2312198,1,1,1,0,0,1,1,4
2312072,1,1,0,0,0,0,0,2
1610902,0,0,1,1,1,0,0,5+
1330275,0,1,1,1,0,0,0,5
2013223,0,0,0,0,0,1,0,3
2311809,1,1,0,1,0,1,1,2
2311416,0,0,1,0,0,1,1,4
2232399,0,0,1,1,1,1,1,5
1811640,1,0,0,1,1,0,0,5
1610829,0,1,1,0,1,0,1,2
2311349,0,0,1,0,0,0,0,2
2311018,1,1,0,1,0,0,0,5
1610875,1,1,0,0,1,0,1,5
1632354,1,1,1,1,0,1,1,5+
1731931,0,0,1,0,0,1,0,3
2312148,1,0,1,1,0,0,0,5+
2211064,1,1,0,0,1,0,1,5+
2211438,1,0,0,0,0,0,1,4
2312121,0,0,1,0,0,1,0,2
2311272,1,0,0,1,1,1,1,5+
2131408,1,0,0,1,0,1,0,3
2312269,0,1,1,0,1,0,1,5+
1430528,0,0,1,1,0,0,1,2
1831147,1,0,1,0,1,0,0,5+
1611029,0,0,0,0,1,1,0,5+
1620570,0,1,0,1,1,0,1,5+
2311438,0,1,0,0,1,1,0,3
2312076,0,1,1,1,0,1,0,2
1632614,1,0,1,0,0,1,0,4
2211180,0,0,1,0,0,1,1,5+
1821119,1,0,1,1,1,1,0,2
2211466,1,0,0,0,0,0,0,5+
2211202,0,1,1,0,1,0,0,5+
2311116,1,1,0,1,0,1,1,5
1411368,0,1,1,0,0,0,1,5+
2211540,1,0,1,1,0,0,1,5+
1912054,0,0,1,0,1,1,1,2
2312039,1,0,0,1,1,0,0,3
2211395,1,0,1,1,1,1,1,5+
1430407,0,1,1,1,1,0,0,5
2211519,1,0,1,1,1,1,1,5+
2312065,1,0,1,0,0,0,1,4
2311045,1,0,1,1,0,0,1,4
1611492,1,1,1,0,0,0,1,5+
2312010,1,1,0,1,0,1,0,3
2311119,1,1,1,0,0,1,1,5+
2111075,1,0,1,1,0,0,1,4
1721077,1,1,1,1,1,0,0,2
2211334,1,1,1,0,1,1,0,5
1713075,0,0,1,0,1,0,1,4
2211554,0,1,1,1,0,0,1,5
2325574,1,1,1,1,0,1,1,4
1711193,0,1,1,1,0,0,0,5+
1721032,0,0,0,0,1,0,0,4
1410290,0,1,0,0,1,1,1,3
1610221,0,1,0,1,1,1,0,5+
2312171,1,0,1,1,1,0,0,3
2312127,1,1,0,1,0,1,0,5
2311437,1,0,1,0,1,1,0,2
2311884,1,1,1,1,1,0,1,2
2211310,0,0,0,1,1,1,1,5+
2311918,0,1,1,0,0,0,0,1
2311027,1,1,1,1,1,1,1,5+
1612798,1,0,1,0,1,1,1,5+
2013044,0,1,1,0,0,1,1,2
1912685,0,1,1,0,0,1,0,5
1520505,1,0,0,0,1,1,0,5+
2021086,1,1,0,1,1,1,1,4
2211277,0,1,1,0,0,1,1,3
2312119,1,1,1,0,0,0,0,5+
1410345,0,1,1,1,1,1,1,4
2311334,0,1,1,1,1,0,0,5
1610102,0,1,0,0,1,0,1,5+
1512230,0,0,1,0,1,1,0,3
2211573,1,1,1,0,0,1,1,1
1620838,1,1,1,1,1,0,1,5
1921162,0,1,1,1,0,0,0,3
2312086,1,0,1,0,0,1,1,2
2311471,0,1,1,0,1,1,1,1
2320221,0,1,0,0,0,1,1,5
2312124,0,0,0,0,0,0,0,4
2311968,1,0,1,0,0,0,1,3
2011650,1,1,0,1,0,0,0,4
2211523,0,1,1,1,0,0,1,2
2211374,1,0,1,0,1,1,0,1
2311196,0,0,0,0,0,1,0,4
1931354,1,0,1,0,0,1,0,3
2311902,1,0,0,0,1,0,0,2
2021104,0,0,0,0,0,1,1,1
1612316,1,1,0,0,0,0,1,4
2311372,1,1,0,0,1,1,1,4
2211173,0,0,1,1,1,1,1,4
2312201,1,0,1,0,0,1,1,1
2013248,0,1,0,1,1,0,0,2
1611415,0,0,1,0,0,1,0,1
2311310,0,1,0,0,1,1,1,2
2312221,1,0,1,0,1,0,0,1
2311036,0,0,1,0,0,1,1,5
2012281,0,0,1,0,1,0,0,5
1713019,0,1,0,0,0,0,1,3
2211080,1,0,0,0,1,1,0,4
2312297,0,1,0,1,0,1,0,4
2311110,1,0,0,1,0,1,0,1
2311945,1,0,1,1,1,0,1,2
1831668,1,0,0,1,0,0,1,1
2211556,1,1,1,0,1,1,0,2
2211088,1,1,0,0,0,1,1,3
1911541,1,0,1,0,1,1,0,1
2311840,0,0,0,1,1,1,1,3
2312199,0,0,1,1,1,0,0,3
2211350,0,1,1,0,0,0,1,3
1620018,1,0,0,0,1,0,1,3
2311266,1,1,0,0,1,1,0,4
2211388,1,1,1,0,0,0,0,5
2021545,1,0,1,1,0,0,1,5
1910185,1,0,0,0,0,1,0,5
1631797,1,0,1,1,1,1,0,4
1620855,1,1,1,0,0,0,0,1
2311313,0,1,0,1,1,1,1,1
2211204,1,0,0,0,1,1,1,4
2312031,0,0,0,0,1,0,1,3
1410910,0,0,1,1,1,0,1,3
2211297,1,1,0,0,0,0,1,2
2311376,1,1,0,1,0,1,1,2
2021451,0,0,0,1,0,1,1,4
2311788,1,1,0,1,0,1,1,2
2013555,1,0,1,0,0,1,0,2
2211312,0,1,1,1,1,0,0,3
2211170,0,1,1,1,0,1,0,3
2311292,0,1,1,0,1,0,0,5
2311784,1,0,1,1,1,0,0,3
2311270,0,0,0,0,1,0,0,2
2211214,0,0,0,1,0,1,0,3
2312305,1,1,1,1,0,0,1,4
1921119,0,1,1,1,1,0,1,4
2211185,1,1,0,0,1,0,0,5
1611455,1,0,0,1,0,1,0,5
1712830,1,0,0,1,0,1,0,4
1620392,0,1,0,1,0,1,0,1
2311852,0,0,1,1,1,0,1,1
2211128,1,0,1,1,0,1,0,3
2011403,1,1,0,1,1,0,0,2
1620457,1,1,0,1,0,1,1,2
2311182,0,1,1,0,0,0,1,5
2312128,0,1,0,0,1,0,0,2
2312016,1,1,0,0,0,0,1,5
1921997,1,1,0,1,1,1,1,1
2311105,1,0,1,1,0,1,0,5
2312149,0,0,1,1,1,1,0,4
1711364,1,1,0,0,1,0,1,1
1812291,1,0,1,0,1,1,1,5
2012621,1,1,0,0,1,0,0,3
2312035,0,0,1,0,0,0,1,4
2211445,1,1,0,0,1,1,1,4
2312317,0,0,1,1,0,1,1,5
1711155,0,1,0,1,1,0,0,1
2211068,0,0,1,1,1,1,1,1
1711485,1,0,0,0,0,0,0,2
2311042,1,1,1,0,1,0,1,3
2232436,0,0,1,1,0,1,1,4
1821641,0,0,1,0,1,0,0,4
2021474,1,0,0,1,0,0,1,5
1721524,0,1,0,0,1,1,1,4
2211314,1,0,0,1,0,0,1,3
1620298,0,0,0,0,1,0,0,4
1912805,1,1,1,1,1,1,1,3
2311216,1,0,0,0,1,1,0,2
2312080,1,1,1,1,1,1,1,1
1631596,0,1,0,0,1,0,1,2
2312193,0,1,0,1,1,0,0,5
2211516,0,0,1,0,0,1,0,3
2021817,0,1,0,0,1,0,1,5
2211529,1,0,1,0,1,0,1,3
2311981,0,1,0,1,0,1,0,4
2312142,1,0,1,0,1,0,1,5
1921510,0,1,0,1,0,1,0,3
2311467,1,0,1,0,1,0,1,2
2311210,0,1,0,1,0,1,0,4
2312234,1,0,1,0,1,0,1,3
1912490,0,1,0,1,0,1,0,5
2211534,0,1,0,1,0,1,0,3
1632026,1,0,1,0,1,0,1,4
2311982,0,1,0,1,0,1,0,5
2012168,1,0,1,0,1,0,1,3
2311291,0,1,0,1,0,1,0,4
1721024,1,0,1,0,1,0,1,3
2311397,0,1,0,1,0,1,0,1
2211532,0,1,0,0,1,0,0,2
2312172,1,1,0,1,0,0,0,3
2312245,1,0,1,1,0,1,1,4
2312075,0,1,0,1,0,1,0,1
1921214,1,0,1,0,1,0,1,5
2211160,0,1,0,1,0,1,0,5+
1631594,1,0,1,0,1,0,1,3
2325579,0,1,0,1,0,1,0,4
1430463,1,0,1,0,1,0,1,3
2311215,0,1,0,1,0,1,0,1
2211075,0,1,0,0,1,0,0,2
1621087,1,1,0,1,0,0,0,3
2311315,1,0,1,1,0,1,1,4
2011375,0,1,0,1,0,1,0,1
2311871,0,0,0,1,1,0,1,5
2211408,1,0,1,1,0,1,0,5
2211210,0,0,1,1,1,1,0,4
2211164,1,1,0,0,1,0,1,1
1721311,1,0,1,0,1,1,1,5
2311901,1,1,0,0,1,0,0,3
2011054,0,0,1,0,0,0,1,4
1721095,1,1,0,0,1,1,1,4
2312230,0,0,1,1,0,1,1,5
2211114,0,1,0,1,1,0,0,1
2211295,0,0,1,1,1,1,1,1
2211315,1,0,0,0,0,0,0,2
2312259,1,1,1,0,1,0,1,3
2211474,0,0,1,1,0,1,1,4
2211432,0,0,1,0,1,0,0,1
2211435,1,0,0,1,0,0,1,5
2312051,0,1,0,0,1,1,1,4
1410795,1,0,0,1,0,0,1,3
2311382,0,0,0,0,1,0,0,4
1620131,1,1,1,1,1,1,1,3
2311267,1,0,0,0,1,1,0,2
2312180,1,1,1,1,1,1,1,1
2311030,0,1,0,0,1,0,1,2
2211544,0,1,0,1,1,0,0,1
1610050,0,0,1,1,1,1,1,1
2014310,1,0,0,0,0,0,0,2
2011118,1,1,1,0,1,0,1,3
1010848,0,0,1,1,0,1,1,4
2312030,0,0,1,0,1,0,0,1
2012168,1,0,0,1,0,0,1,5
1712900,0,1,0,0,1,1,1,4
2311850,1,0,0,1,0,0,1,3
1330527,0,1,0,1,0,1,0,5
2211271,1,0,1,0,1,0,1,3
1512440,0,1,0,1,0,1,0,4
2311966,1,0,1,0,1,0,1,3
2311791,0,1,0,1,0,1,0,1
1911119,0,1,0,0,1,0,0,2
2014305,1,1,0,1,0,0,0,3
1612553,1,0,1,1,0,1,1,4
1712063,0,1,0,1,0,1,0,1
2312170,1,0,1,0,1,0,1,5
2211101,0,1,0,1,0,1,0,5+
2311976,1,0,1,0,1,0,1,3
1612575,1,1,0,0,1,0,0,3
2312225,0,0,1,0,0,0,1,4
2311378,1,1,0,0,1,1,1,4
1612521,0,0,1,1,0,1,1,5
1620897,0,1,0,1,1,0,0,1
2211183,0,0,1,1,1,1,1,1
2211440,1,0,0,0,0,0,0,2
2211279,1,1,1,0,1,0,1,3
1511123,0,0,1,1,0,1,1,4
2211146,0,0,1,0,1,0,0,1
2312112,1,0,0,1,0,0,1,5
1711155,0,1,0,0,1,1,1,4
2312322,1,0,0,1,0,0,1,3
2311326,0,0,0,0,1,0,0,4
1530179,0,1,0,1,0,0,1,1
2311882,0,1,0,0,1,0,0,4
2211428,0,0,0,1,0,1,0,5
2211219,0,1,1,1,1,0,0,5+
2311862,1,0,1,1,0,0,0,2
1632082,1,1,0,0,0,1,0,5
2311435,1,1,1,1,0,1,0,1
2211344,0,0,0,0,0,0,0,4
2022558,0,1,0,1,0,1,1,1
2312158,1,0,1,1,1,0,1,5
2211194,0,1,0,0,1,1,0,4
2325569,1,0,0,1,1,1,1,3
2311912,0,1,1,1,0,0,0,4
2312282,1,0,0,1,0,1,0,1
2311451,0,1,0,0,1,0,1,4
2312137,1,0,0,0,0,1,0,1
2211372,0,0,1,0,1,0,0,5
2014323,1,0,1,0,0,1,1,5+
2312032,0,0,0,0,1,1,1,3
1712483,1,0,1,1,0,0,0,3
2312063,1,1,0,1,1,0,1,4
2211585,0,1,1,0,0,1,1,4
2311830,1,1,1,1,1,0,1,5
2311464,0,1,1,1,1,1,1,1
2211469,0,0,0,0,0,0,0,1
2311106,1,1,0,1,0,1,0,2
2211335,0,1,1,0,1,1,1,3
2311946,0,1,0,1,0,0,0,4
2325563,0,0,1,0,0,1,1,1
2232552,1,0,0,1,1,1,0,5
2211348,0,0,1,0,0,1,1,4
1911033,0,0,0,1,0,0,0,3
1620573,1,0,1,0,0,1,1,4
2311906,1,0,0,1,0,0,0,1
2211518,0,0,1,0,1,0,1,4
1620954,1,1,1,1,0,0,1,1
2211059,0,1,1,0,0,0,1,3
1620705,1,0,0,0,1,0,0,4
2211117,1,1,1,0,1,0,1,3
2012998,0,0,0,0,0,0,0,2
2311951,0,0,1,1,1,1,0,5+
2211412,0,1,0,1,1,0,0,2
1921317,0,1,1,0,0,0,1,5
1711252,0,1,1,1,1,0,1,1
2312122,1,0,0,0,0,0,0,4
2211147,1,0,1,0,1,0,1,1
2325565,0,1,0,1,1,1,0,5
1410616,1,0,1,0,0,1,1,4
1715342,0,1,0,0,1,1,1,3
2211092,0,0,1,1,1,0,0,4
1612797,1,1,0,0,1,0,1,1
2312275,0,0,1,0,0,1,0,4
2211356,0,1,0,0,0,0,1,1
1711973,1,0,0,1,0,1,0,5
2312252,0,1,0,1,0,0,1,5+
2312024,0,0,0,0,0,1,1,3
2312105,0,1,0,1,1,0,0,3
2311476,1,1,1,0,1,1,0,4
2211287,1,0,1,1,0,0,1,4
1620018,0,1,1,1,1,1,0,5
2013712,1,0,1,1,1,1,1,1
2311389,0,0,0,0,0,0,0,1
1531460,1,0,1,0,1,1,0,2
1632451,1,1,0,0,0,0,1,1
2311309,1,0,0,1,0,1,0,3
2211292,0,1,0,1,0,0,1,1
1712602,0,1,0,1,0,1,0,1
1812277,0,1,0,0,1,0,0,2
2311786,1,1,0,1,0,0,0,3
1712440,1,0,1,1,0,1,1,4
2312048,0,1,0,1,0,1,0,1
2312074,0,1,0,0,0,0,1,1
1712975,1,0,0,1,0,1,0,5
2211079,0,1,0,1,0,0,1,5+
1620313,0,0,0,0,0,1,1,3
1311370,0,1,0,1,1,0,0,3
1921383,1,1,1,0,1,1,0,4
2311820,1,0,1,1,0,0,1,4
2211218,0,1,1,1,1,1,0,5
2211235,1,0,1,1,1,1,1,1
2311321,0,0,0,0,0,0,0,1
2311798,1,0,1,0,1,1,0,2
1620504,1,1,0,0,0,0,1,1
2325575,1,0,0,1,0,1,0,3
1620838,0,1,0,1,0,0,1,1
2211418,0,1,0,1,0,1,0,1
2311931,0,1,0,0,1,0,0,2
2311889,0,1,0,1,1,1,0,5
2312296,1,0,1,0,0,1,1,4
2311115,0,1,0,0,1,1,1,3
2211143,0,0,1,1,1,0,0,4
2312316,1,1,0,0,1,0,1,1
2311904,0,0,1,0,0,1,0,4
1831253,0,1,0,0,0,0,1,1
1611409,1,0,0,1,0,1,0,5
2211177,0,1,0,1,0,0,1,5+
2211584,0,0,0,0,0,1,1,3
2211571,0,1,0,1,1,0,0,3
2014338,1,1,1,0,1,1,0,4
1421557,1,0,1,1,0,0,1,4
1620263,0,1,1,1,1,1,0,5
2211076,1,0,1,1,1,1,1,1
2211482,0,0,0,0,0,0,0,1
2312165,1,0,1,0,1,1,0,2
2211301,1,1,0,0,0,0,1,1
2311332,1,0,0,1,0,1,0,3
2211366,0,1,0,1,0,0,1,1
2311185,0,1,0,1,0,1,0,1
1931121,0,1,0,0,1,0,0,2
2211100,1,1,0,1,0,0,0,3
2311960,1,0,1,1,0,1,1,4
2311283,0,1,0,1,0,1,0,1
1611455,1,1,1,0,1,1,0,4
2312162,1,0,1,1,0,0,1,4
2012657,0,1,1,1,1,1,0,5
1721176,1,0,1,1,1,1,1,1
2312190,0,0,0,0,0,0,0,1
2211457,1,0,1,0,1,1,0,2
1912607,1,1,0,0,0,0,1,1
1632451,1,0,0,1,0,1,0,3
2311898,0,1,0,1,0,0,1,1
2211205,0,1,0,1,0,1,0,1
1620313,0,1,0,0,1,0,0,2
2311202,1,1,0,1,0,0,0,3
1635016,1,0,1,1,0,1,1,4
1511164,0,1,0,1,0,1,0,1
1912470,1,1,0,0,0,0,1,1
2211084,1,0,0,1,0,1,0,3
1330830,0,1,0,1,0,0,1,1
2311890,0,1,0,1,0,1,0,1
1621215,0,1,0,0,1,0,0,2
2012915,1,1,0,1,0,0,0,3
1912346,1,0,1,1,0,1,1,4
2211260,0,1,0,1,0,1,0,1
1421607,1,1,1,0,1,1,0,4
1620457,1,0,1,1,0,0,1,4
2311377,0,1,1,1,1,1,0,5
2013409,1,0,1,1,1,1,1,1
2012442,0,0,0,0,0,0,0,1
2311211,1,0,1,0,1,1,0,2
2311361,0,0,0,0,0,1,1,4
2312227,1,1,0,1,0,0,0,3
1530180,1,0,1,1,0,1,1,4
2012276,0,1,0,1,0,1,0,1
2211119,1,1,0,0,0,0,1,1
1911255,1,0,0,1,0,1,0,3
2312206,0,1,0,1,0,0,1,1
2312213,0,1,0,1,0,1,0,1
2311043,0,1,0,0,1,0,0,2
2311206,1,1,0,1,0,0,0,3
2311813,1,0,1,1,0,1,1,4
1621010,0,1,0,1,0,1,0,1
2312038,1,1,1,0,1,1,0,4
1931198,1,0,1,1,0,0,1,4
2211363,0,1,1,1,1,1,0,5
2211106,1,0,1,1,1,1,1,1
1721004,0,0,0,0,0,0,0,1
2311453,1,0,1,0,1,1,0,2
2311811,1,1,0,1,0,0,0,3
1931792,1,0,1,1,0,1,1,4
1612711,0,1,0,1,0,1,0,1
2211137,1,1,1,0,1,1,0,4
2311324,1,0,1,1,0,0,1,4
2211249,0,1,1,1,1,1,0,5
2325568,1,0,1,1,1,1,1,1
2311039,0,0,0,0,0,0,0,1
1631633,1,0,1,0,1,1,0,2
2312047,1,0,1,1,0,1,0,5
1911166,0,0,1,1,1,1,0,4
2312310,1,1,0,0,1,0,1,1
2013788,1,0,1,0,1,1,1,5
1632644,1,1,0,0,1,0,0,3
2311863,0,0,1,0,0,0,1,4
2311337,1,1,0,0,1,1,1,4
2211387,0,0,1,1,0,1,1,5
2211405,0,1,0,1,1,0,0,1
2311443,0,0,1,1,1,1,1,1
1911174,1,0,0,0,0,0,0,2
1632351,1,1,1,0,1,0,1,3
2311449,0,0,1,1,0,1,1,4
2325560,0,0,1,0,1,0,0,1
2311993,1,0,0,1,0,0,1,5
2211415,0,1,0,0,1,1,1,4
2312011,1,0,0,1,0,0,1,3
1711722,0,0,0,0,1,0,0,4
2211436,1,1,1,1,1,1,1,3
1912636,1,0,0,0,1,1,0,2
1620610,1,1,1,1,1,1,1,1
2312212,0,1,0,0,1,0,1,2
2311973,0,1,0,1,1,0,0,5
1712124,0,0,1,0,0,1,0,3
2211189,0,1,0,0,1,0,1,5
1831060,1,0,1,0,1,0,1,3
2311975,0,1,0,1,0,1,0,4
2312135,1,0,1,0,1,0,1,5
2312092,0,1,0,1,0,1,0,3
2211462,1,0,1,0,1,0,1,2
2312082,0,1,0,1,0,1,0,4
1631506,1,0,1,0,1,0,1,3
2311298,0,1,0,1,0,1,0,5
2014048,0,1,0,1,0,1,0,3
2211381,1,0,1,0,1,0,1,4
2311329,0,1,0,1,0,1,0,5
1610711,1,0,1,0,1,0,1,3
2311368,0,1,0,1,0,1,0,4
2311866,1,0,1,0,1,0,1,3
2211299,0,1,0,1,0,1,0,1
2211203,0,1,0,0,1,0,0,2
2122228,1,1,0,1,0,0,0,3
2311318,1,0,1,1,0,1,1,4
2312054,0,1,0,1,0,1,0,1
2211054,1,0,1,0,1,0,1,5
1612682,0,1,0,1,0,1,0,5+
1811472,1,0,1,0,1,0,1,3
2311424,0,1,0,1,0,1,0,4
2311888,1,0,1,0,1,0,1,3
1512276,0,1,0,1,0,1,0,1
1511474,0,1,0,0,1,0,0,2
2211562,1,1,0,1,0,0,0,3
1431187,1,0,1,1,0,1,1,4
2211545,0,1,0,1,0,1,0,1
2311312,0,0,0,1,1,0,1,5
2311394,1,0,1,1,0,1,0,5
1721150,0,0,1,1,1,1,0,4
1311370,1,1,0,0,1,0,1,1
2211473,1,0,1,0,1,1,1,5
2325589,1,1,0,0,1,0,0,3
2312066,0,0,1,0,0,0,1,4
2312004,1,1,0,0,1,1,1,4
2211551,0,0,1,1,0,1,1,5
2021242,0,1,0,1,1,0,0,1
2312013,0,0,1,1,1,1,1,1
2211567,1,0,0,0,0,0,0,2
2211379,1,1,1,0,1,0,1,3
1620200,0,0,1,1,0,1,1,4
1831524,0,0,1,0,1,0,0,1
2312070,1,0,0,1,0,0,1,5
2021545,0,1,0,0,1,1,1,4
2211548,1,0,0,1,0,0,1,3
2031592,0,0,0,0,1,0,0,4
2311121,1,1,1,1,1,1,1,3
2312216,1,0,0,0,1,1,0,2
1611223,1,1,1,1,1,1,1,1
1711471,0,1,0,0,1,0,1,2
1911643,0,1,0,1,1,0,0,1
1811472,0,0,1,1,1,1,1,1
2311439,1,0,0,0,0,0,0,2
1612798,1,1,1,0,1,0,1,3
2311423,0,0,1,1,0,1,1,4
2311795,0,0,1,0,1,0,0,1
2211488,1,0,0,1,0,0,1,5
2311462,0,1,0,0,1,1,1,4
2311193,1,0,0,1,0,0,1,3
1510385,0,1,0,1,0,1,0,5
1610284,1,0,1,0,1,0,1,3
2312168,0,1,0,1,0,1,0,4
2312106,1,0,1,0,1,0,1,3
2312071,0,1,0,1,0,1,0,1
1621236,0,1,0,0,1,0,0,2
1620263,1,1,0,1,0,0,0,3
1711447,1,0,1,1,0,1,1,4
1921266,0,1,0,1,0,1,0,1
1320066,1,0,1,0,1,0,1,5
2312315,0,1,0,1,0,1,0,5+
1711372,1,0,1,0,1,0,1,3
1611593,1,1,0,0,1,0,0,3
2311792,0,0,1,0,0,0,1,4
2311937,1,1,0,0,1,1,1,4
2211582,0,0,1,1,0,1,1,5
2312324,0,1,0,1,1,0,0,1
2311839,0,0,1,1,1,1,1,1
2012691,1,0,0,0,0,0,0,2
1831862,1,1,1,0,1,0,1,3
1611459,0,0,1,1,0,1,1,4
2311810,0,0,1,0,1,0,0,1
1631460,1,0,0,1,0,0,1,5
2311441,0,1,0,0,1,1,1,4
1921383,1,0,0,1,0,0,1,3
2311796,0,0,0,0,1,0,0,4
1621215,0,1,0,1,0,0,1,1
1610959,0,1,0,0,1,0,0,4
2211168,0,0,0,1,0,1,0,5
1632298,0,1,1,1,1,0,0,5+
2311858,1,0,1,1,0,0,0,2
1410345,1,1,0,0,0,1,0,5
2211385,1,1,1,1,0,1,0,1
2311019,0,0,0,0,0,0,0,4
2021474,0,1,0,1,0,1,1,1
2021761,1,0,1,1,1,0,1,5
1310480,0,1,0,0,1,1,0,4
1611035,1,0,0,1,1,1,1,3
1610284,0,1,1,1,0,0,0,4
2311812,1,0,0,1,0,1,0,1
2312115,0,1,0,0,1,0,1,4
1831292,1,0,0,0,0,1,0,1
1721268,0,0,1,0,1,0,0,5
2312192,1,0,1,0,0,1,1,5+
1612711,0,0,0,0,1,1,1,3
2312188,1,0,1,1,0,0,0,3
2211425,1,1,0,1,1,0,1,4
2312187,0,1,1,0,0,1,1,4
2211077,1,1,1,1,1,0,1,5
2211575,0,1,1,1,1,1,1,1
2311390,0,0,0,0,0,0,0,1
2311371,1,1,0,1,0,1,0,2
1721528,0,1,1,0,1,1,1,3
1931859,0,1,0,1,0,0,0,4
1320399,0,0,1,0,0,1,1,4
1711328,1,0,0,1,1,1,0,5
1420098,0,0,1,0,0,1,1,4
1721115,0,0,0,1,0,0,0,3
1711211,1,0,1,0,0,1,1,4
1712447,1,0,0,1,0,0,0,1
1530196,0,0,1,0,1,0,1,4
1610755,1,1,1,1,0,0,1,1
2311112,0,1,1,0,0,0,1,3
2211509,1,0,0,0,1,0,0,4
2311308,1,1,1,0,1,0,1,3
2311199,0,0,0,0,0,0,0,2
1711417,0,0,1,1,1,1,0,5+
2312249,0,1,0,1,1,0,0,2
2312084,0,1,1,0,0,0,1,5
1420968,0,1,1,1,1,0,1,1
2325567,1,0,0,0,0,0,0,4
2211318,1,0,1,0,1,0,1,1
1512067,0,1,0,1,1,1,0,5
2211284,1,0,1,0,0,1,1,4
2211476,0,1,0,0,1,1,1,3
1421179,0,0,1,1,1,0,0,4
2311436,1,1,0,0,1,0,1,1
1520647,0,0,1,0,0,1,0,4
1721300,0,1,0,0,0,0,1,1
2211141,1,0,0,1,0,1,0,5
2211399,0,1,0,1,0,0,1,5+
2012955,0,0,0,0,0,1,1,3
1631844,0,1,0,1,1,0,0,3
2211252,1,1,1,0,1,1,0,4
2311220,1,0,1,1,0,0,1,4
1610185,0,1,1,1,1,1,0,5
1620570,1,0,1,1,1,1,1,1
2312147,0,0,0,0,0,0,0,1
2311384,1,0,1,0,1,1,0,2
2211367,1,1,0,0,0,0,1,1
2021323,1,0,0,1,0,1,0,3
2311357,0,1,0,1,0,0,1,1
1821693,0,1,0,1,0,1,0,1
1712532,0,1,0,0,1,0,0,2
2211102,1,1,0,1,0,0,0,3
1410290,1,0,1,1,0,1,1,4
2312255,0,1,0,1,0,1,0,1
1631713,1,0,1,0,1,0,1,5
1620855,0,0,0,1,0,1,0,2
2311880,1,0,1,0,0,0,1,3
2311333,1,1,0,0,1,0,0,3
2311440,0,0,1,0,0,0,1,4
2311956,1,0,0,0,1,1,1,4
1411011,0,0,1,1,0,1,1,5
2312145,0,1,0,1,1,0,0,1
1512311,0,0,1,0,1,1,1,1
1711194,1,0,0,0,0,0,1,3
2211094,1,1,1,0,0,0,1,1
2311818,0,0,1,1,0,1,1,4
2211139,0,0,1,0,1,0,0,1
1612789,1,0,0,1,0,0,1,5
1521293,0,0,1,0,0,0,1,4
2211303,1,1,0,0,1,1,1,4
2012915,0,0,1,1,0,1,1,5
2211078,0,1,0,1,1,0,0,1
2311825,0,0,1,1,1,1,1,1
2311959,1,0,0,0,0,0,0,2
2211414,1,1,1,0,1,0,1,3
2211305,0,0,1,1,0,1,1,4
2311412,0,0,1,0,1,0,0,1
1632023,1,0,0,1,0,0,1,5
2021209,0,1,0,0,1,1,1,4
2311799,1,0,0,1,0,0,1,3
1711042,0,0,0,0,1,0,0,4
2311219,1,1,1,1,1,1,1,3
2211056,1,0,0,0,1,1,0,2
1310070,1,1,1,1,1,1,1,1
2311198,0,1,0,0,1,0,1,2
2311924,0,1,0,1,1,0,0,5
1611889,1,0,0,1,0,0,1,5
2311327,0,1,0,0,1,1,1,4
2311020,1,0,0,1,0,0,1,3
1620639,0,0,0,0,1,0,0,4
2312018,1,1,1,1,1,1,1,3
2311304,1,0,0,0,1,1,0,2
2211112,1,1,1,1,1,1,1,1
1711441,1,0,1,0,1,1,1,4
2011127,0,1,0,0,1,0,0,3
2312000,0,0,1,1,1,0,1,3
2312262,0,1,0,0,1,0,1,2
2311426,0,0,1,0,0,1,0,3
1530852,1,0,0,0,0,1,0,4
2311395,1,0,0,1,0,0,0,3
2311408,1,1,1,1,1,1,1,3
2312102,1,0,0,0,1,1,0,2
2311123,1,1,1,1,1,1,1,1
2312005,1,0,1,0,1,1,1,4
1632026,0,1,0,0,1,0,0,3
2312146,0,0,1,1,1,0,1,3
2312078,0,1,0,0,1,0,1,2
2211228,0,0,1,0,0,1,0,2
2311914,1,0,0,0,0,1,0,4
2211331,1,0,0,1,0,0,0,3
2311899,1,1,1,1,1,1,1,3
2211224,1,0,0,0,1,1,0,2
1621236,1,1,1,1,1,1,1,1
2211144,1,1,0,1,0,1,1,4
1621640,0,1,0,0,1,0,0,2
2132446,0,0,1,1,1,0,1,3
2211326,0,1,0,0,1,0,1,2
1921313,0,1,1,0,0,1,0,4
2211138,1,0,0,0,0,1,0,4
1631888,1,0,0,1,0,0,0,3
2325581,0,1,1,0,0,0,1,1
2211190,0,1,1,1,0,1,1,1
1931269,1,0,0,0,0,0,0,2
2211302,1,1,1,0,1,1,1,3
2312251,1,1,1,0,1,0,1,1
2311353,0,1,1,1,0,0,0,2
2311187,1,1,1,1,1,1,1,3
2211553,1,0,0,0,1,0,0,1
1631055,1,0,0,1,1,1,0,4
2211471,1,0,0,1,1,0,0,3
2311307,0,1,1,0,0,0,1,2
1711209,0,1,1,1,0,1,0,4
2211433,0,0,0,1,1,1,1,3
2312044,1,1,1,0,0,0,0,1
2211396,1,1,1,1,0,1,0,2
2211165,0,1,0,0,1,0,0,3
2312036,0,0,1,1,1,0,1,3
1911340,0,1,0,0,1,0,1,2
2311474,0,0,1,0,0,1,0,3
2211263,1,0,0,0,0,1,0,4
1520907,1,0,0,1,0,0,0,3
2211500,1,1,1,1,1,1,1,3
1620392,0,1,1,0,0,0,1,2
2312179,0,1,1,1,0,1,0,4
2011623,1,1,1,0,1,1,0,2
2311279,1,1,0,0,0,0,0,5
2211507,1,0,0,0,1,0,1,5
2211307,0,0,1,1,0,0,1,2
1911963,0,1,0,1,0,1,1,3
2013100,1,0,0,0,0,1,0,1
1620131,0,1,1,1,0,0,0,3
2211179,0,1,0,0,1,1,0,2
1612316,1,0,1,1,1,1,0,1
2022107,0,0,1,1,0,1,0,2
1530415,1,1,1,0,0,0,0,4
2211096,0,1,1,1,1,0,0,4
2211370,0,1,0,0,1,0,1,4
2211097,1,0,0,1,1,0,0,4
2311356,1,1,1,0,1,0,0,2
1911525,0,1,1,0,1,1,1,3
2031341,1,1,1,1,1,0,0,5
1612575,1,0,1,0,0,1,1,2
2311124,1,1,0,0,0,1,1,2
2211154,1,0,1,0,1,0,1,3
2211373,1,1,1,0,0,1,1,4
2311867,0,0,0,1,0,0,1,3
2312279,0,0,1,1,0,1,1,1
2211282,1,1,1,1,1,1,0,2
2312301,0,0,0,0,1,0,1,1
1421607,1,1,1,1,1,0,1,2
2211470,1,1,1,1,1,0,0,5
2311872,1,1,0,0,0,1,1,1
1610459,1,1,0,1,1,0,0,5
1713082,1,1,0,0,1,0,0,1
2013635,0,0,1,0,0,0,0,2
2211242,1,0,1,0,0,0,0,1
1921971,1,1,0,1,0,0,1,5
2013337,0,1,0,1,1,1,0,1
2013416,1,0,0,1,1,1,0,2
2311365,0,1,1,1,1,0,0,2
1531358,0,1,0,1,1,1,0,1
2311428,1,0,1,1,0,0,1,5
2211327,0,0,0,1,0,1,1,4
2312318,0,1,0,1,1,0,0,4
2312241,0,1,1,1,0,1,1,2
2311023,0,0,1,0,1,0,0,4
2312302,1,0,1,1,1,0,0,1
2211158,0,0,1,0,0,1,0,4
2211261,0,1,0,1,1,1,1,5
1620235,1,1,0,0,1,1,1,4
1632664,0,0,0,0,0,0,1,5
1330830,0,0,0,0,0,0,1,5
2011462,0,0,0,0,0,0,1,5
2022188,0,0,0,0,1,1,0,5
2312312,1,1,0,0,0,1,1,2
2311025,1,1,0,1,0,1,1,1
1620298,0,1,1,0,1,1,0,4
2312304,0,0,0,1,0,0,1,1
1931245,1,0,0,1,1,1,1,2
2231539,1,0,1,1,0,1,1,2
2312098,1,0,1,0,1,0,0,5
1530823,0,0,1,1,1,1,1,2
2312186,1,0,0,0,1,1,0,2
2211145,1,1,0,0,0,0,1,3
2211171,1,1,1,0,0,0,1,3
2311988,1,1,0,1,0,1,1,4
1712026,1,0,1,1,0,0,1,2
1610875,1,1,1,1,1,1,0,5
1931267,0,1,1,1,0,0,1,4
2311444,1,1,0,0,0,1,1,5
2311314,0,0,0,1,1,1,1,1
2211580,0,1,0,1,1,0,1,1
1511644,0,0,1,0,0,0,0,2
1530370,1,1,0,0,0,1,0,2
2312238,0,0,0,1,0,1,0,4
2211291,1,1,0,1,0,0,0,4
1330358,1,1,1,0,0,1,1,5
2211195,0,1,1,0,0,1,0,2
2325566,1,0,1,1,0,1,0,3
2312237,0,0,0,0,0,0,1,5
1721151,0,0,0,0,0,0,1,4
2211380,1,1,0,0,1,1,1,1
1610755,0,1,1,1,1,1,1,2
1611029,0,1,0,1,0,0,0,1
2021476,0,1,0,0,1,0,1,5
2211178,1,0,1,0,0,1,1,5
2311990,1,1,0,0,0,1,0,3
1911795,0,0,1,1,1,0,1,2
1712532,1,0,0,1,1,0,0,1
1610440,0,0,1,1,0,1,1,5
2211184,1,1,0,1,0,0,0,2
1612344,1,1,0,0,1,1,1,1
2211546,0,0,1,1,0,0,0,4
2211459,0,0,1,0,1,1,0,1
2211262,0,1,1,0,0,1,0,1
2311873,1,1,1,0,1,0,1,1
1711441,0,1,0,1,0,1,0,5
2312182,1,0,0,1,1,1,0,4
1721130,0,1,1,1,0,1,0,2
1431187,1,0,1,1,0,0,0,4
2311399,0,1,1,1,0,1,0,2
2211320,1,1,0,1,0,1,0,2
1611593,0,1,0,0,0,0,0,2
1430041,0,0,1,1,0,0,0,5
1931105,0,0,1,0,1,1,1,3
1430528,0,1,0,0,1,1,0,3
2211156,1,0,1,1,1,1,0,3
2013552,1,0,1,0,0,0,0,5
1320066,0,1,1,1,1,0,1,1
2311979,1,1,1,0,0,1,1,4
1921549,0,0,1,1,0,1,0,2
2311954,1,1,1,1,0,1,0,3
2012897,0,0,1,0,1,0,0,2
1620432,0,1,0,1,0,0,1,2
1632006,1,0,0,1,1,0,0,5
2312022,0,1,1,0,1,1,1,3
2311943,1,0,1,1,1,0,1,2
1713109,0,1,1,1,1,1,0,3
1831819,1,1,1,0,1,1,0,5
2211485,0,0,0,1,0,0,1,3
2211223,0,0,0,0,1,0,0,1
2012927,1,0,0,1,1,1,1,5
2211588,1,0,0,0,1,0,1,3
1631265,1,0,1,1,0,0,1,3
2211136,0,1,0,1,1,1,1,5
2312314,1,1,1,1,0,1,0,2
2211566,1,0,1,0,0,1,0,5
2311448,1,0,0,1,1,0,0,3
2311302,0,0,1,1,0,1,1,3
1712646,1,1,0,1,0,0,1,3
2311403,1,0,0,0,1,0,1,3
2312155,1,1,0,0,1,1,0,4
1511858,1,0,1,0,1,0,1,1
1410616,0,1,1,1,0,0,0,1
1711364,1,1,1,1,0,0,0,1
2311431,0,0,1,0,1,0,0,1
2312060,1,1,0,0,1,1,1,5
2311413,0,0,1,1,1,1,1,3
2311033,0,0,0,0,1,0,1,3
1610459,0,1,1,0,1,1,0,2
2211535,0,0,1,0,0,1,1,1
2211186,0,0,0,1,1,0,1,3
1813028,1,1,1,0,1,0,0,1
2311017,0,1,1,0,0,0,1,5
2211296,0,1,0,0,1,0,1,5
1612575,1,0,0,0,0,0,1,4
1911998,1,1,1,0,0,1,1,5
1712365,1,1,0,0,1,0,0,3
2311844,1,0,0,1,1,1,0,3
2211237,0,1,1,1,0,1,0,2
2211377,1,1,1,0,1,0,0,5
2311111,1,0,1,1,1,0,1,3
1831571,1,1,0,1,0,0,1,3
2211451,1,1,1,1,1,0,1,1
2013946,1,0,0,0,0,0,0,1
2031496,0,0,0,0,0,1,0,5
2312020,1,0,0,1,1,1,1,1
2325558,0,1,0,0,0,1,0,5
2311392,1,0,0,1,0,0,1,3
2211461,0,0,0,0,1,0,0,4
2311841,0,0,0,0,0,1,0,1
2311109,1,1,1,0,0,0,1,5
2211127,1,1,1,1,0,1,0,5
1610664,1,0,0,0,1,0,0,1
1512840,0,1,0,0,0,1,0,5
2211481,1,0,1,1,0,1,0,3
1712426,1,1,1,1,0,1,1,1
1821158,0,1,0,1,1,0,1,4
2311957,0,1,1,0,1,1,0,4
1421557,0,1,0,1,0,1,0,2
1711321,1,1,0,1,0,1,0,2
1921700,0,0,0,1,1,0,0,1
1521800,0,0,1,0,0,0,0,4
2211259,1,1,1,1,1,1,0,4
2231335,0,0,1,1,0,1,0,5
2325317,1,0,1,1,0,1,0,4
2325237,0,1,0,0,0,1,0,1
2325257,0,0,0,0,0,1,0,2
2231361,1,0,1,0,0,1,0,4
2231509,0,0,0,1,0,0,1,1
2231341,1,1,0,0,0,0,1,3
2325250,0,1,0,0,0,0,1,4
2231493,1,1,1,1,1,1,1,5
2231444,0,0,1,0,1,0,0,1
2231433,1,1,1,1,1,0,1,4
2325101,0,0,1,1,0,1,1,3
2325256,0,0,0,0,1,0,1,2
2231553,1,1,0,1,1,0,1,5
2325157,1,0,1,0,1,1,0,1
2231548,1,1,1,0,1,1,1,3
2231421,0,0,1,0,1,0,0,1
2231353,1,1,1,0,0,0,1,2
2231520,1,0,0,0,0,1,0,1
2325125,1,1,1,0,1,1,1,2
2231502,0,1,1,1,0,0,1,3
2325109,1,0,1,0,0,1,0,4
2231572,1,1,1,0,0,1,1,1
2325220,0,1,0,0,1,0,0,2
2231491,0,0,1,1,1,0,1,2
2325172,1,0,0,0,1,1,0,3
2231545,1,1,0,0,1,1,1,1
2325198,0,0,0,0,1,0,1,2
2231577,1,1,0,1,1,1,0,1
2325219,0,0,1,0,0,1,0,3
2231334,0,0,0,0,1,1,1,3
2231329,1,1,0,1,1,0,1,2
2231510,1,1,0,0,0,0,0,2
2231478,0,0,1,1,1,0,1,1
2231554,1,1,1,0,1,1,1,5
2231464,1,0,0,1,1,1,0,1
2325027,0,1,0,0,0,0,0,3
2231432,0,1,1,1,1,1,0,5
2231388,0,0,1,0,0,1,1,5
2325306,1,1,1,1,0,0,0,3
2231437,0,1,1,0,0,1,0,1
2325260,0,1,0,1,1,0,0,2
2231447,0,0,0,1,1,1,1,3
2325173,0,0,1,0,0,0,0,3
2325297,1,0,1,1,1,0,1,5
2325011,1,0,1,0,1,1,1,2
2325251,1,1,1,1,0,1,0,1
2325164,0,0,0,1,0,1,0,5
2325240,0,1,1,1,1,1,0,4
2325242,1,0,0,0,0,0,0,1
2325065,0,1,1,0,1,0,0,4
2231488,1,0,1,0,0,0,1,2
2325278,0,1,0,1,0,1,1,3
2325208,0,0,1,0,1,0,1,3
2325152,0,0,0,1,1,1,1,3
2231382,1,0,0,0,1,0,0,3
2325280,1,1,0,0,1,0,0,1
2325275,0,0,0,1,0,1,1,5
2231557,1,0,1,1,0,0,1,2
2231434,0,0,0,1,0,0,0,1
2325114,0,1,1,0,1,0,0,1
2231448,1,0,0,0,1,0,1,2
2231540,0,1,0,0,0,0,0,4
2325136,0,1,1,1,0,1,0,4
2325214,0,1,1,0,0,0,1,3
2231492,0,0,0,0,1,0,1,5
2231565,0,0,0,1,1,0,1,2
2231411,0,1,0,1,1,0,1,4
2325106,0,0,1,1,0,0,0,5
2231458,0,0,0,1,1,1,0,1
2325197,0,1,0,1,1,0,1,4
2325048,0,1,1,0,1,0,0,4
2231556,0,1,1,1,1,1,1,2
2325088,0,0,0,0,0,1,0,3
2231419,1,0,1,0,1,0,0,5
2231336,0,0,0,0,1,1,1,3
2325046,0,1,0,0,1,0,1,1
2325261,1,1,1,0,1,1,0,5
2325267,1,1,0,1,1,0,1,4
2325313,1,0,1,1,0,0,1,4
2325273,1,1,0,0,1,1,1,1
2231538,1,0,0,1,1,0,0,1
2325321,0,0,0,1,0,1,0,2
2325091,1,0,0,1,1,0,1,4
2231512,0,1,0,0,0,0,0,5
2325126,0,1,1,1,0,1,0,4
2325150,1,0,1,0,0,0,0,3
2325323,1,1,0,1,0,0,1,5
2325246,0,0,0,1,0,1,0,4
2231347,0,0,1,1,1,1,1,5
2325127,0,0,1,1,0,1,1,5
2325067,0,1,1,1,0,0,0,4
2325274,0,1,1,1,1,0,1,3
2325311,1,0,0,1,0,0,1,4
2325117,0,1,0,1,1,0,1,1
2325061,0,0,1,0,1,1,0,5
2231413,1,0,0,1,0,0,1,2
2325135,1,1,1,0,0,0,1,4
2325057,0,0,0,1,1,0,1,1
2325288,1,0,0,1,0,1,1,3
2231505,0,1,0,0,1,1,1,5
2325115,0,0,0,0,0,0,1,2
2231368,0,0,1,0,0,1,0,5
2325315,0,1,1,0,1,1,0,1
2325258,1,0,1,0,0,0,1,3
2231586,0,0,1,0,0,0,1,4
2231369,1,1,0,1,0,0,0,1
2231480,0,1,0,0,0,1,1,5
2231403,0,1,0,1,0,1,1,3
2325241,1,1,1,0,1,1,0,1
2325076,0,0,0,1,1,0,0,5
2231360,0,0,0,0,1,0,1,4
2325030,1,1,0,1,0,0,1,1
2325146,1,0,0,0,1,0,0,2
2231563,0,1,1,0,0,1,1,1
2231529,1,0,1,1,0,0,0,3
2325151,0,0,0,1,0,1,1,1
2325193,0,0,0,0,0,1,1,1
2325087,1,1,1,1,1,1,0,4
2325232,0,0,1,0,1,1,1,2
2325009,1,1,0,0,0,1,1,5
2231436,1,0,1,1,0,0,1,1
2325018,0,0,0,0,1,0,0,2
2231405,1,0,1,0,0,0,1,2
2325092,1,1,0,1,1,1,0,1
2325248,1,0,0,0,1,1,1,2
2231356,0,1,1,0,1,0,1,4
2231440,0,0,0,0,1,0,1,4
2231468,1,0,1,1,1,1,0,5
2325184,0,1,0,0,0,1,0,5
2325167,0,1,0,0,0,1,1,1
2231496,1,0,0,1,0,0,0,4
2325325,0,0,0,0,1,1,0,2
2231378,1,0,0,0,0,1,0,5
2325014,1,1,0,0,0,1,1,1
2231532,1,1,0,1,0,1,0,2
2325098,1,0,1,1,1,0,1,1
2231539,0,0,1,0,0,1,1,4
2231438,1,1,1,1,0,1,0,4
2231517,0,1,0,1,0,1,0,1
2231585,0,0,0,1,1,1,1,4
2231485,0,0,0,1,0,1,0,4
2325053,0,1,1,0,1,0,0,5
2325078,1,1,0,0,1,0,1,1
2231467,0,1,1,0,0,1,1,1
2231357,0,0,1,1,0,1,0,1
2325107,1,1,1,0,1,1,1,1
2231445,0,1,1,0,1,1,0,4
2325047,0,1,1,1,0,1,1,2
2325322,1,1,0,1,1,1,1,2
2325169,1,0,1,0,1,0,1,3
2325268,0,0,1,1,0,0,1,3
2231350,1,0,0,1,1,1,1,1
2231499,1,0,0,1,0,0,1,5
2231452,1,1,1,1,0,0,1,2
2325032,1,0,1,0,1,0,1,5
2325229,1,0,1,0,0,1,1,5
2325187,1,1,0,1,0,0,0,4
2325200,0,1,1,0,0,0,1,5
2325022,0,1,0,0,1,0,1,3
2325161,0,0,1,1,1,0,0,3
2231453,1,1,1,1,1,0,0,2
2231423,1,1,0,0,0,1,1,4
2231430,1,0,1,1,0,1,1,5
2325204,1,1,0,0,0,0,0,3
2231420,1,0,1,1,1,1,1,4
2231534,1,0,1,1,0,0,1,5
2231365,0,1,0,1,1,1,0,2
2231355,1,0,1,0,1,0,1,1
2325238,1,0,1,0,0,0,0,2
2325307,0,0,1,1,1,0,0,3
2231404,0,0,0,0,1,1,0,4
2231471,0,1,0,1,1,0,0,2
2325225,1,1,0,0,1,1,0,3
2325160,1,1,0,1,0,1,0,1
2231527,1,1,0,0,1,0,0,2
2231377,1,0,1,1,0,1,1,3
2325295,0,1,0,1,1,1,0,3
2231583,1,0,0,1,0,0,0,3
2231427,1,0,1,0,0,1,1,5
2231439,0,0,1,0,1,1,1,2
2231528,0,0,1,1,0,0,0,5
2325289,0,1,0,1,1,1,0,4
2325192,1,1,0,1,1,0,1,5
2325290,1,0,0,1,1,0,0,1
2231500,0,0,1,0,1,0,1,4
2231569,1,0,0,1,0,1,1,1
2325265,1,0,0,1,1,0,0,4
2325034,0,0,1,0,0,0,1,4
2325228,0,1,0,1,0,0,0,5
2325226,0,1,1,0,0,0,0,2
2325233,0,1,1,1,0,0,0,5
2231348,1,0,0,1,1,1,1,4
2325013,0,1,0,0,1,1,1,3
2325316,0,1,0,0,1,0,1,4
2325122,0,1,1,0,1,1,0,3
2231564,0,0,1,0,1,0,0,5
2325185,0,1,0,0,1,0,0,2
2231384,1,1,0,1,1,0,0,3
2231475,1,0,0,0,0,1,0,3
2231525,1,1,0,1,0,1,1,5
2231547,1,0,1,0,1,1,1,3
2325212,1,0,0,0,1,0,0,4
2231515,0,1,1,1,0,0,0,1
2231389,0,0,1,1,0,1,0,2
2325119,0,1,1,1,0,0,0,4
2325318,0,1,1,1,0,1,0,5
2325269,1,1,1,0,1,1,0,4
2231472,0,1,1,1,0,0,0,1
2325086,1,0,0,1,0,0,1,1
2325081,0,0,1,0,1,0,0,3
2231562,0,1,1,1,1,1,0,4
2231372,0,1,1,1,0,0,1,4
2231514,0,0,0,1,1,1,1,4
2231516,0,1,1,0,1,0,0,1
2325084,1,0,0,1,0,1,1,1
2325183,0,1,0,0,0,1,0,2
2231406,0,1,1,1,1,0,1,3
2325230,0,1,1,1,0,0,1,2
2231346,0,1,0,1,1,0,1,5
2231513,1,1,1,1,0,1,0,3
2325158,0,0,0,1,0,1,0,5
2231530,0,1,1,0,0,1,0,3
2325089,0,0,1,1,0,1,1,3
2325170,1,0,0,1,0,0,1,1
2231343,0,0,0,0,1,1,0,4
2231417,1,1,0,1,1,0,0,2
2231435,1,1,1,0,0,0,0,3
2325090,0,1,1,0,1,0,1,5
2325243,0,0,0,1,0,0,1,5
2325277,0,0,1,0,1,0,1,4
2325041,0,1,0,0,0,1,1,4
2231345,1,1,0,0,0,1,0,5
2231364,1,0,1,1,1,0,0,1
2231584,1,1,0,1,1,0,0,5
2325070,1,0,1,0,0,0,0,1
2231337,0,1,0,0,1,1,1,4
2325121,1,0,1,0,1,1,1,5
2231398,0,1,1,0,0,1,1,5
2231507,0,1,0,1,1,0,1,3
2231399,0,0,0,0,1,0,1,5
2231402,1,1,0,0,1,0,0,2
2231391,0,1,1,0,1,1,1,3
2325077,1,0,0,0,1,0,0,1
2231521,1,0,1,0,1,0,1,1
2325166,0,0,1,1,1,1,1,2
2325299,1,0,1,1,0,0,1,4
2231535,1,0,1,1,0,1,1,3
2325134,1,0,1,0,1,0,1,5
2231560,1,0,1,0,0,1,0,4
2325308,1,0,0,0,1,1,1,5
2325218,1,0,0,1,0,1,1,5
2231536,1,1,1,1,0,1,0,1
2231555,1,0,0,0,1,1,1,1
2325285,1,1,1,1,1,0,1,3
2325020,1,1,1,1,0,0,0,1
2231425,0,1,1,1,1,1,0,2
2325132,1,0,0,1,1,1,0,5
2325276,1,1,0,0,1,1,0,2
2231418,1,1,0,1,0,1,0,5
2325180,0,0,0,1,1,1,0,4
2325205,1,1,1,0,1,0,1,4
2325215,1,0,1,0,1,0,0,5
2231561,0,0,1,0,0,0,1,5
2231373,1,0,1,1,0,1,1,2
2325300,1,1,1,0,0,0,1,1
2231503,1,0,0,0,1,0,1,4
2325320,1,1,0,0,0,0,1,5
2325137,1,0,1,0,1,0,0,1
2231511,1,1,0,1,0,1,1,5
2325116,1,0,0,0,1,0,0,1
2231344,0,1,0,0,1,0,0,3
2325074,1,1,0,1,1,1,0,4
2325120,1,0,0,1,0,0,0,2
2325181,0,1,1,1,0,1,0,1
2325021,1,1,0,0,0,0,1,2
2325140,0,0,1,1,1,0,1,5
2325236,1,0,0,0,0,0,0,2
2325199,0,0,1,0,1,0,1,5
2231387,0,0,1,1,0,1,1,1
2325093,0,1,0,0,0,0,0,2
2325188,0,0,1,1,0,0,0,2
2325080,0,1,0,0,1,0,0,5
2325110,1,0,0,1,0,1,1,1
2325301,0,0,1,0,1,1,1,1
2231400,1,1,0,0,1,1,0,2
2325139,1,0,1,1,0,0,0,2
2231443,0,0,0,0,0,1,0,3
2231571,0,1,1,1,0,1,1,3
2231408,1,1,0,0,1,0,1,2
2325085,0,1,1,1,0,1,0,1
2231367,1,1,0,1,0,1,1,3
2325163,1,1,1,1,0,1,1,3
2325008,0,0,0,0,0,0,1,4
2325082,1,1,1,0,0,1,1,4
2325249,0,0,1,0,1,0,1,4
2231385,1,0,1,1,0,0,0,5
2325105,0,0,1,1,1,1,1,3
2231457,0,0,1,0,1,0,0,1
2231374,0,0,1,1,0,1,0,5
2231426,1,0,1,0,0,0,1,2
2325196,1,1,0,0,1,1,0,3
2231386,0,0,1,1,0,1,1,2
2231490,1,1,0,1,0,1,0,4
2231568,1,1,0,0,1,0,1,2
2325252,1,0,0,0,1,1,1,4
2231449,0,1,0,1,1,1,1,1
2325254,1,0,0,1,1,1,0,5
2231494,1,0,1,1,0,1,1,1
2231349,0,1,1,1,1,0,1,1
2325129,0,0,1,1,0,1,1,2
2231342,1,0,0,1,0,0,1,1
2231375,0,0,1,0,0,0,1,1
2325025,0,0,1,1,1,1,1,3
2325033,1,1,0,0,1,0,0,5
2325060,1,1,1,0,0,1,0,1
2325282,0,0,0,0,1,1,1,2
2325026,0,1,0,1,0,1,0,2
2325175,0,1,1,1,0,1,1,5
2231461,0,1,1,0,0,0,1,4
2325100,0,1,0,0,0,1,1,5
2231484,1,0,1,1,1,0,0,3
2231407,0,0,0,1,0,0,0,2
2325283,0,1,1,1,1,1,0,4
2325037,1,0,0,0,0,1,0,1
2231518,1,1,1,1,1,1,1,5
2325203,0,0,0,1,0,1,1,3
2231354,0,1,0,1,0,0,1,1
2325045,1,1,0,0,0,0,1,1
2325111,0,1,1,1,0,0,0,4
2231441,0,0,0,1,0,1,1,5
2325211,1,1,1,0,1,1,1,5
2231396,0,0,1,1,1,0,0,5
2231424,1,0,1,1,0,0,0,4
2231362,1,0,1,1,1,0,0,1
2325194,0,1,1,1,1,0,0,4
2325259,0,1,1,0,1,0,1,4
2325149,0,0,0,1,0,0,0,4
2231581,1,0,0,1,0,0,0,2
2231476,0,0,0,1,0,0,1,4
2325083,0,0,1,0,0,1,0,3
2325028,1,1,1,1,1,1,0,1
2325293,0,1,0,0,1,0,1,2
2231497,1,0,1,0,1,1,0,2
2231414,1,0,0,0,0,0,1,2
2325310,1,1,0,1,1,0,0,2
2231506,0,1,0,1,0,1,0,5
2325123,1,1,0,0,1,0,0,2
2231429,0,0,1,1,0,1,0,5
2231455,1,1,1,1,1,1,0,3
2325294,1,0,1,0,1,1,1,3
2231544,1,0,0,1,1,1,0,1
2325207,0,0,1,1,1,0,1,4
2325012,0,1,1,0,1,1,1,2
2325066,0,1,1,0,0,0,0,4
2231392,1,0,1,0,0,1,1,2
2325052,0,1,1,1,1,0,1,1
2231504,1,0,0,1,0,1,1,1
2231470,0,0,1,0,0,0,0,1
2325073,0,0,0,0,1,0,1,5
2325099,0,1,0,1,0,0,0,5
2231454,1,1,1,0,1,0,1,3
2325142,0,1,1,0,1,0,0,2
2325138,1,0,0,1,0,1,0,3
2231552,1,1,1,0,1,1,1,3
2231474,1,0,1,0,1,1,0,1
2325244,1,0,0,1,1,0,1,2
2325281,1,0,0,0,1,1,0,4
2231446,0,1,0,0,0,0,0,3
2325223,1,0,0,1,1,0,1,5
2325326,1,0,1,1,1,1,1,3
2325044,0,1,0,0,1,1,1,5
2325063,1,0,1,0,0,0,1,1
2325148,0,0,1,0,1,1,0,2
2231576,0,0,1,0,0,0,0,3
2231393,0,1,0,0,1,0,0,3
2325097,0,1,1,0,0,1,1,3
2231489,0,0,0,0,0,0,0,4
2231462,0,1,0,0,0,0,0,4
2231541,0,1,0,0,1,0,0,1
2231366,1,1,1,0,1,0,0,1
2325206,1,1,0,0,0,0,1,4
2325068,0,0,0,1,0,1,0,2
2231523,1,1,1,1,1,1,0,5
2231370,0,0,1,1,1,0,0,2
2231573,0,1,0,1,1,0,0,1
2231537,1,1,0,0,0,0,1,2
2231332,0,0,1,1,0,1,0,4
2231376,0,0,1,1,1,0,1,4
2325162,1,1,1,1,0,0,0,2
2325247,1,0,0,0,0,1,1,4
2325302,0,1,1,0,0,1,0,5
2325050,0,0,1,1,0,1,0,2
2325209,0,0,0,1,1,0,0,4
2231383,1,0,1,0,0,0,1,1
2231371,0,1,1,1,0,1,0,1
2325312,1,0,0,0,0,0,1,3
2325108,1,0,1,1,1,0,1,3
2325064,1,0,1,0,0,0,0,1
2231473,0,1,0,1,0,1,1,2
2325031,0,1,1,0,0,1,0,5
2325263,0,0,1,0,0,0,0,4
2231570,1,0,1,1,1,0,0,5
2325145,1,0,1,1,0,1,0,5
2325029,1,1,1,0,0,0,0,5
2231575,0,0,0,0,0,0,1,2
2325191,1,1,1,0,1,0,0,1
2231486,0,0,0,0,0,0,1,2
2325071,1,0,1,0,0,0,0,2
2231508,1,1,1,0,0,0,1,3
2231394,0,1,0,1,0,1,1,1
2325235,0,0,0,0,0,0,1,5
2231543,0,1,0,1,0,1,1,4
2325190,1,1,0,0,1,0,1,3
2325007,0,0,0,1,0,1,1,2
2325094,1,1,1,1,1,1,1,3
2325210,1,0,0,0,0,1,0,3
2325309,1,1,0,0,1,0,1,5
2325019,1,0,1,0,0,1,1,4
2231495,1,1,0,1,0,0,1,3
2325262,1,1,0,0,1,0,1,2
2231460,1,0,1,1,1,0,1,2
2325296,0,0,1,1,1,1,1,4
2325174,1,0,0,0,1,0,1,1
2231327,0,0,1,0,1,1,0,1
2325112,1,1,0,1,1,1,0,4
2325324,1,0,0,1,0,0,1,3
2325266,1,1,1,0,0,0,0,1
2325054,1,0,0,1,1,1,0,2
2325186,1,0,1,0,1,1,0,5
2231546,1,0,1,0,1,0,1,4
2325171,0,0,1,0,0,0,0,5
2325015,1,0,0,0,1,0,0,4
2231522,1,1,0,0,0,0,0,5
2325224,1,1,0,0,0,0,0,3
2325239,0,1,0,0,1,1,0,2
2231359,0,1,1,0,0,0,1,2
2231542,0,1,1,1,1,1,0,1
2231333,0,0,1,0,1,1,1,3
2325270,0,0,1,0,0,0,0,3
2325213,1,1,0,0,1,0,1,3
2325292,1,0,0,1,1,1,1,4
2231397,1,0,0,0,0,0,0,4
2231395,1,1,0,1,0,0,0,3
2325095,1,1,1,0,0,0,0,2
2325069,0,0,0,0,1,1,0,3
2231567,1,1,1,1,1,0,1,5
2231580,0,0,1,0,1,1,0,4
2231358,0,0,1,1,0,0,1,3
2231363,1,0,1,0,1,1,1,4
2231422,0,0,1,0,1,1,1,2
2231477,1,0,0,0,0,0,0,1
2325155,0,0,1,0,1,1,0,5
2231351,1,1,0,1,0,0,1,4
2325043,0,1,0,1,1,0,1,3
1812345,0,0,0,0,1,0,0,4
1912084,1,1,1,1,1,1,1,3
1912094,1,0,0,0,1,1,0,2
1912105,1,1,1,1,1,1,1,1
1912125,0,1,0,0,1,0,1,2
1912159,0,1,0,1,1,0,0,5
1912202,1,0,0,1,0,0,1,5
1912243,0,1,0,0,1,1,1,4
1912280,1,0,0,1,0,0,1,3
1912289,0,0,0,0,1,0,0,4
1912308,1,1,1,1,1,1,1,3
1912308,0,1,0,0,1,0,1,2
1912359,0,0,1,0,0,1,0,2
1912377,1,0,0,0,0,1,0,4
1912385,1,0,0,1,0,0,0,3
1912391,1,1,1,1,1,1,1,3
1912502,1,0,0,0,1,1,0,2
1912580,1,1,1,1,1,1,1,1
1912629,1,1,0,1,0,1,1,4
1912653,0,1,0,0,1,0,0,2
1912715,0,0,1,1,1,0,1,3
1912736,1,0,0,1,0,0,1,3
1912740,0,0,0,0,1,0,0,4
1912745,1,1,1,1,1,1,1,3
1912751,0,1,0,0,1,0,1,2
1912798,0,0,1,0,0,1,0,2
1912815,0,1,1,1,0,0,0,4
1912829,1,0,0,1,0,1,0,1
1912845,0,1,0,0,1,0,1,4
1912862,1,0,0,0,0,1,0,1
1912870,0,0,1,0,1,0,0,5
1912878,1,0,1,0,0,1,1,5+
1912910,0,0,0,0,1,1,1,3
1912966,1,0,1,1,0,0,0,3
1912968,1,1,0,1,1,0,1,4
1912981,0,1,1,0,0,1,1,4
1912986,1,1,1,1,1,0,1,5
1913007,0,1,1,1,1,1,1,1
1913011,0,0,0,0,0,0,0,1
1913040,1,1,0,1,0,1,0,2
1913063,0,1,1,0,1,1,1,3
1921020,0,1,0,1,0,0,0,4
1921081,0,0,1,0,0,1,1,1
1921100,1,0,0,1,1,1,0,5
1921120,0,0,1,0,0,1,1,4
1921136,0,0,0,1,0,0,0,3
1921144,1,0,1,0,0,1,1,4
1921189,1,0,0,1,0,0,0,1
1921214,1,1,1,0,1,0,1,3
1921214,0,0,1,1,0,1,1,4
1921211,0,0,1,0,1,0,0,1
1913036,1,0,0,1,0,0,1,5
1921220,0,1,0,0,1,1,1,4
1921230,1,0,0,1,0,0,1,3
1921235,0,0,0,0,1,0,0,4
1921241,1,1,1,1,1,1,1,3
1921252,1,0,0,0,1,1,0,2
1921260,1,1,1,1,1,1,1,1
1921269,0,1,0,0,1,0,1,2
1921288,0,1,0,1,1,0,0,1
1921310,0,0,1,1,1,1,1,1
1921311,1,0,0,0,0,0,0,2
1921323,1,1,1,0,1,0,1,3
1921335,0,0,1,1,0,1,1,4
1921363,0,0,1,0,1,0,0,1
1921370,1,0,0,1,0,0,1,5
1921388,0,1,0,0,1,1,1,4
1921402,0,1,0,1,0,0,0,4
1921404,0,0,1,0,0,1,1,1
1921412,1,0,0,1,1,1,0,5
1921416,0,0,1,0,0,1,1,4
1921436,0,0,0,1,0,0,0,3
1921438,1,0,1,0,0,1,1,4
1921464,1,0,0,1,0,0,0,1
1921468,1,1,1,0,1,0,1,3
1921482,0,0,1,1,0,1,1,4
1921497,0,0,1,0,1,0,0,1
1921500,1,0,0,1,0,0,1,5
1921504,0,1,0,0,1,1,1,4
1921509,1,0,0,1,0,0,1,3
1921531,0,0,0,0,1,0,0,4
1921532,1,1,1,1,1,1,1,3
1921535,1,0,0,0,1,1,0,2
1921548,1,1,1,1,1,1,1,1
1921550,0,1,0,0,1,0,1,2
1921553,0,1,0,1,1,0,0,1
1921554,0,0,1,1,1,1,1,1
1921556,0,1,1,0,0,0,1,1
1921559,0,1,1,1,0,1,1,1
1921563,1,0,0,0,0,0,0,2
1921569,1,1,1,0,1,1,1,3
1921587,1,1,1,0,1,0,1,1
1921589,0,1,1,1,0,0,0,2
1921596,1,1,1,1,1,1,1,3
1921597,1,0,0,0,1,0,0,1
1921601,1,0,0,1,1,1,0,4
1921603,1,0,0,1,1,0,0,3
1921636,0,1,1,0,0,0,1,2
1921716,0,1,1,1,0,1,0,4
1921716,0,0,0,1,1,1,1,3
1921736,1,1,1,0,0,0,0,1
1921740,1,1,1,1,0,1,0,2
1921740,0,1,0,0,1,0,0,3
1921744,0,0,1,1,1,0,1,3
1921749,0,1,0,0,1,0,1,2
1921770,0,0,1,0,1,0,0,1
1921791,1,0,0,1,0,0,1,5
1921793,0,1,0,0,1,1,1,4
1921797,1,0,0,1,0,0,1,3
1921801,0,0,0,0,1,0,0,4
1921809,1,1,1,1,1,1,1,3
1921813,1,0,0,0,1,1,0,2
1921816,1,1,1,1,1,1,1,1
1921829,0,1,0,0,1,0,1,2
1921830,0,1,0,1,1,0,0,1
1921818,0,0,1,1,1,1,1,1
1921826,0,1,1,0,0,0,1,1
1921837,0,1,1,1,0,1,1,1
1921851,1,0,0,0,0,0,0,2
1921864,1,1,1,0,1,1,1,3
1921878,1,1,1,0,1,0,1,1
1921871,0,0,1,1,1,1,1,1
1921879,0,1,1,0,0,0,1,1
1921881,0,1,1,1,0,1,1,1
1921883,1,0,0,0,0,0,0,2
1921884,1,1,1,0,1,1,1,3
1921891,1,1,1,0,1,0,1,1
1921897,0,0,0,1,0,0,0,3
1921899,1,0,1,0,0,1,1,4
1921905,1,0,0,1,0,0,0,1
1921931,1,1,1,0,1,0,1,3
1921932,0,0,1,1,0,1,1,4
1921949,0,0,1,0,1,0,0,1
1921972,1,0,0,1,0,0,1,5
1921983,0,1,0,0,1,1,1,4
1922002,1,0,0,1,0,0,1,3
1922009,0,0,0,0,1,0,0,4
1922217,1,1,1,1,1,1,1,3
1922230,1,0,0,0,1,1,0,2
1922263,1,1,1,1,1,1,1,1
1922270,0,1,0,0,1,1,1,4
1925072,1,0,0,1,0,0,1,3
1931007,0,1,0,0,1,0,0,3
1931067,0,0,1,1,1,0,1,3
1931139,0,1,0,0,1,0,1,2
1931154,0,0,1,0,1,0,0,1
1931157,1,0,0,1,0,0,1,5
1931194,0,1,0,0,1,1,1,4
1931207,1,0,0,1,0,0,1,3
1931215,0,0,0,0,1,0,0,4
1931247,1,1,1,1,1,1,1,3
1931265,1,0,0,0,1,1,0,2
1931280,1,1,1,1,1,1,1,1
1931295,0,0,1,0,1,0,0,1
1931308,1,0,0,1,0,0,1,5
1931313,0,1,0,0,1,1,1,4
1931315,1,0,0,1,0,0,1,3
1931321,0,0,0,0,1,0,0,4
1931347,1,1,1,1,1,1,1,3
1931358,1,0,0,0,1,1,0,2
1931365,1,1,1,1,1,1,1,1
1931371,0,1,0,0,1,0,1,2
1931383,0,1,0,1,1,0,0,1
1931394,0,0,1,1,1,1,1,1
1931400,1,0,0,0,0,0,0,2
1931405,1,1,1,0,1,0,1,3
1931433,0,0,1,1,0,1,1,4
1931445,0,0,1,0,1,0,0,1
1931455,1,0,0,1,0,0,1,5
1931461,0,1,0,0,1,1,1,4
1931491,0,1,0,1,0,0,0,4
1931500,0,1,0,0,1,0,1,2
1931509,0,0,1,0,1,0,0,1
1931524,1,0,0,1,0,0,1,5
1931533,0,1,0,0,1,1,1,4
1931545,1,0,0,1,0,0,1,3
1931553,0,0,0,0,1,0,0,4
1931564,1,1,1,1,1,1,1,3
1931565,1,0,0,0,1,1,0,2
1931566,1,1,1,1,1,1,1,1
1931582,0,0,1,0,1,0,0,1
1931597,1,0,0,1,0,0,1,5
1931608,0,1,0,0,1,1,1,4
1931630,0,0,1,1,1,0,1,3
1931655,1,0,0,1,0,0,1,3
1931664,0,0,0,0,1,0,0,4
1931675,1,1,1,1,1,1,1,3
1931683,0,1,0,0,1,0,1,2
1931725,0,0,1,0,0,1,0,2
1931740,0,1,1,1,0,0,0,4
1931752,1,0,0,1,0,1,0,1
1931759,0,1,0,0,1,0,1,4
1931764,1,0,0,0,0,1,0,1
1931810,0,0,1,0,1,0,0,5
1931806,1,0,1,0,0,1,1,5+
1931797,0,0,0,0,1,1,1,3
1931833,1,0,1,1,0,0,0,3
1931840,1,1,0,1,1,0,1,4
1931844,0,1,1,0,0,1,1,4
1931846,1,1,1,1,1,0,1,5
1931849,0,1,1,1,1,1,1,1
1931850,0,0,0,0,0,0,0,1
1931872,1,1,0,1,0,1,0,2
1931875,0,1,1,0,1,1,1,3
1931881,0,1,0,1,0,0,0,4
1931892,0,0,1,0,0,1,1,1
1931904,1,0,0,1,1,1,0,5
1931914,0,0,1,0,0,1,1,4
1931917,0,0,0,1,0,0,0,3
1931921,1,0,1,0,0,1,1,4
1931924,1,0,0,1,0,0,0,1
1931931,1,1,1,0,1,0,1,3
1931933,0,0,1,1,0,1,1,4
1931943,0,0,1,0,1,0,0,1
1931948,1,0,0,1,0,0,1,5
1931957,0,1,0,0,1,1,1,4
1931961,1,0,0,1,0,0,1,3
1931968,0,0,0,0,1,0,0,4
1931970,1,1,1,1,1,1,1,3
1935133,1,0,0,0,1,1,0,2
1935311,1,1,1,1,1,1,1,1
1935377,0,1,0,0,1,0,1,2
2011004,0,1,0,1,1,0,0,1
2011013,0,0,1,1,1,1,1,1
2011038,1,0,0,0,0,0,0,2
2011046,1,1,1,0,1,0,1,3
2011057,0,0,1,1,0,1,1,4
2011053,0,0,1,0,1,0,0,1
2011063,1,0,0,1,0,0,1,5
2011067,0,1,0,0,1,1,1,4
2011078,0,1,0,1,0,0,0,4
2011082,0,0,1,0,0,1,1,1
2011087,1,1,1,1,1,1,1,3
2011097,1,0,0,0,1,1,0,2
2011108,1,1,1,1,1,1,1,1
2011113,0,1,0,0,1,0,1,2
2011126,0,1,0,1,1,0,0,1
2011138,0,0,1,1,1,1,1,1
2011144,1,0,0,0,0,0,0,2
2011138,1,1,1,0,1,0,1,3
2011154,0,0,1,1,0,1,1,4
2011144,0,0,1,0,1,0,0,1
2011121,1,0,0,1,0,0,1,5
